chromosome	start	end	copyNumber	bafCount	observedBAF	baf	segmentStartSupport	segmentEndSupport	method	depthWindowCount	gcContent	minStart	maxStart	minorAlleleCopyNumber	majorAlleleCopyNumber
chr1	1	8057613	3.8920	5177	0.5566	0.5146	TELOMERE	BND	BAF_WEIGHTED	5320	0.5121	1	1	1.8893	2.0027
chr1	8057614	23338833	3.8647	8628	0.5555	0.5168	BND	BND	BAF_WEIGHTED	13323	0.4790	8057614	8057614	1.8673	1.9974
chr1	23338834	30585161	3.8270	3372	0.5552	0.5179	BND	BND	BAF_WEIGHTED	6676	0.4745	23338834	23338834	1.8448	1.9821
chr1	30585162	58443597	3.9444	13659	0.5538	0.5107	BND	DEL	BAF_WEIGHTED	26091	0.4437	30585162	30585162	1.9299	2.0145
chr1	58443598	58443640	3.3538	0	0.0000	0.5754	DEL	DEL	STRUCTURAL_VARIANT	0	0.0000	58443598	58443598	1.4239	1.9299
chr1	58443641	61023132	4.0420	1463	0.5556	0.5052	DEL	BND	BAF_WEIGHTED	2410	0.3987	58443641	58443641	2.0000	2.0420
chr1	61023133	63239813	3.9405	1304	0.5560	0.5088	BND	BND	BAF_WEIGHTED	2135	0.4021	61023133	61023133	1.9358	2.0048
chr1	63239814	75897843	4.0441	7250	0.5533	0.5059	BND	SGL	BAF_WEIGHTED	11876	0.3763	63239814	63239814	1.9980	2.0461
chr1	75897844	75897859	4.6315	0	0.0000	0.5703	SGL	BND	STRUCTURAL_VARIANT	0	0.0000	75897844	75897844	1.9900	2.6416
chr1	75897860	97716360	4.0490	11535	0.5535	0.5085	BND	SGL	BAF_WEIGHTED	20178	0.3812	75897860	75897860	1.9900	2.0591
chr1	97716361	97716375	3.4261	0	0.0000	0.5808	SGL	SGL	STRUCTURAL_VARIANT	0	0.0000	97716361	97716361	1.4362	1.9900
chr1	97716376	107277206	4.0805	5014	0.5532	0.5098	SGL	BND	BAF_WEIGHTED	8838	0.3579	97716376	97716376	2.0002	2.0803
chr1	107277207	123605522	4.0516	7372	0.5536	0.5108	BND	CENTROMERE	BAF_WEIGHTED	11638	0.4154	107277207	107277207	1.9822	2.0694
chr1	123605523	157919286	4.9362	4146	0.5995	0.6055	CENTROMERE	SGL	BAF_WEIGHTED	8575	0.4489	123605523	123605523	1.9474	2.9888
chr1	157919287	157919301	5.9748	0	0.0000	0.6741	SGL	SGL	STRUCTURAL_VARIANT	0	0.0000	157919287	157919287	1.9474	4.0274
chr1	157919302	158292995	5.1494	156	0.5986	0.6043	SGL	BND	BAF_WEIGHTED	334	0.4447	157919302	157919302	2.0375	3.1119
chr1	158292996	163977839	5.0818	3399	0.5916	0.5970	BND	DEL	BAF_WEIGHTED	5063	0.4089	158292996	158292996	2.0480	3.0338
chr1	163977840	164014604	3.8849	19	0.5581	0.5148	DEL	DEL	BAF_WEIGHTED	32	0.3723	163977840	163977840	1.8849	2.0000
chr1	164014605	166392838	5.0836	1280	0.5932	0.5987	DEL	BND	BAF_WEIGHTED	2231	0.4103	164014605	164014605	2.0402	3.0435
chr1	166392839	166392857	4.4061	0	0.0000	0.5370	BND	BND	STRUCTURAL_VARIANT	0	0.0000	166392839	166392839	2.0402	2.3659
chr1	166392858	167998913	5.0336	1258	0.5970	0.6028	BND	SGL	BAF_WEIGHTED	1524	0.4091	166392858	166392858	1.9996	3.0341
chr1	167998914	167998916	5.9458	0	0.0000	0.6615	SGL	SGL	STRUCTURAL_VARIANT	0	0.0000	167998914	167998914	2.0128	3.9329
chr1	167998917	174227865	5.0458	3880	0.5954	0.6011	SGL	INF	BAF_WEIGHTED	5793	0.3887	167998917	167998917	2.0128	3.0329
chr1	174227866	174227866	6.3923	0	0.0000	0.6844	INF	SGL	STRUCTURAL_VARIANT	0	0.0000	174227866	174227866	2.0173	4.3750
chr1	174227867	189059920	5.0541	8558	0.5952	0.6009	SGL	SGL	BAF_WEIGHTED	13961	0.3947	174227867	174227867	2.0173	3.0368
chr1	189059921	189059933	5.7700	0	0.0000	0.6504	SGL	SGL	STRUCTURAL_VARIANT	0	0.0000	189059921	189059921	2.0173	3.7528
chr1	189059934	191587837	4.9776	1111	0.6000	0.6060	SGL	DEL	BAF_WEIGHTED	2413	0.3366	189059934	189059934	1.9611	3.0164
chr1	191587838	191588953	3.2702	0	0.0000	0.6213	DEL	DEL	STRUCTURAL_VARIANT	0	0.0000	191587838	191587838	1.2384	2.0318
chr1	191588954	199471108	5.0631	4566	0.5932	0.5987	DEL	BND	BAF_WEIGHTED	7389	0.3529	191588954	191588954	2.0318	3.0313
chr1	199471109	232502701	5.0278	19753	0.5947	0.6003	BND	BND	BAF_WEIGHTED	30336	0.4232	199471109	199471109	2.0096	3.0182
chr1	232502702	248956422	4.9740	12347	0.5971	0.6029	BND	TELOMERE	BAF_WEIGHTED	14918	0.4065	232502702	232502702	1.9752	2.9987
chr2	1	7256638	4.0136	5623	0.7286	0.7456	TELOMERE	SGL	BAF_WEIGHTED	6732	0.4274	1	1	1.0210	2.9925
chr2	7256639	7256653	4.7135	0	0.0000	0.7823	SGL	BND	STRUCTURAL_VARIANT	0	0.0000	7256639	7256639	1.0261	3.6874
chr2	7256654	21238904	4.1069	9072	0.7332	0.7501	BND	SGL	BAF_WEIGHTED	13218	0.4175	7256654	7256654	1.0261	3.0807
chr2	21238905	21238919	4.8743	0	0.0000	0.7958	SGL	SGL	STRUCTURAL_VARIANT	0	0.0000	21238905	21238905	0.9953	3.8790
chr2	21238920	43206000	3.9737	12076	0.7321	0.7495	SGL	NONE	BAF_WEIGHTED	20830	0.4119	21238920	21238920	0.9953	2.9784
chr2	43206001	43506000	2.9022	122	0.6530	0.6688	NONE	NONE	BAF_WEIGHTED	292	0.4220	43206001	43206001	0.9613	1.9409
chr2	43506001	93139350	4.0036	27506	0.5528	0.5070	NONE	CENTROMERE	BAF_WEIGHTED	41742	0.3969	43506001	43506001	1.9736	2.0300
chr2	93139351	109699521	4.0207	8058	0.5547	0.5059	CENTROMERE	BND	BAF_WEIGHTED	12532	0.4219	93139351	93139351	1.9866	2.0341
chr2	109699522	121164175	4.0271	5976	0.5538	0.5047	BND	INF	BAF_WEIGHTED	9121	0.4132	109699522	109699522	1.9946	2.0325
chr2	121164176	121164176	5.8108	0	0.0000	0.6567	INF	SGL	STRUCTURAL_VARIANT	0	0.0000	121164176	121164176	1.9946	3.8162
chr2	121164177	127571442	4.0286	3980	0.5536	0.5048	SGL	BND	BAF_WEIGHTED	6081	0.3962	121164177	121164177	1.9950	2.0336
chr2	127571443	137689217	3.9781	5663	0.5536	0.5088	BND	BND	BAF_WEIGHTED	7806	0.4203	127571443	127571443	1.9542	2.0239
chr2	137689218	140598848	4.0568	1802	0.5510	0.5070	BND	BND	BAF_WEIGHTED	2795	0.3640	137689218	137689218	2.0000	2.0568
chr2	140598849	140680974	4.8977	57	0.5660	0.5682	BND	DEL	BAF_WEIGHTED	78	0.3410	140598849	140598849	2.1147	2.7831
chr2	140680975	143230674	4.0324	1383	0.5517	0.5040	DEL	BND	BAF_WEIGHTED	2464	0.3534	140680975	140680975	2.0000	2.0324
chr2	143230675	143670928	4.0587	181	0.5484	0.5072	BND	DEL	BAF_WEIGHTED	420	0.3597	143230675	143230675	2.0000	2.0587
chr2	143670929	146186284	4.9589	861	0.5887	0.5943	DEL	BND	BAF_WEIGHTED	2415	0.3655	143670929	143670929	2.0118	2.9471
chr2	146186285	146186298	5.4321	0	0.0000	0.6316	BND	BND	STRUCTURAL_VARIANT	0	0.0000	146186285	146186285	2.0011	3.4310
chr2	146186299	155099237	4.9948	4183	0.5938	0.5994	BND	BND	BAF_WEIGHTED	8413	0.3771	146186299	146186299	2.0011	2.9937
chr2	155099238	155627432	4.9966	2	0.6717	0.6819	BND	BND	BAF_WEIGHTED	496	0.3406	155099238	155099238	1.5893	3.4072
chr2	155627433	155627497	5.2370	0	0.0000	0.6173	BND	BND	STRUCTURAL_VARIANT	0	0.0000	155627433	155627433	2.0044	3.2326
chr2	155627498	168060020	5.0157	4691	0.5947	0.6004	BND	BND	BAF_WEIGHTED	11684	0.3706	155627498	155627498	2.0044	3.0113
chr2	168060021	173267870	4.8682	3586	0.5944	0.6002	BND	BND	BAF_WEIGHTED	4933	0.4004	168060021	168060021	1.9463	2.9218
chr2	173267871	187598000	5.0222	7592	0.5918	0.5972	BND	NONE	BAF_WEIGHTED	13479	0.3737	173267871	173267871	2.0228	2.9994
chr2	187598001	242193529	2.9930	28466	0.6484	0.6633	NONE	TELOMERE	BAF_WEIGHTED	50879	0.4060	187597001	187599001	1.0078	1.9852
chr3	1	2468877	3.9467	2061	0.5581	0.5067	TELOMERE	SGL	BAF_WEIGHTED	2241	0.3665	1	1	1.9468	1.9999
chr3	2468878	2468892	4.9357	0	0.0000	0.6056	SGL	SGL	STRUCTURAL_VARIANT	0	0.0000	2468878	2468878	1.9468	2.9889
chr3	2468893	4113065	4.0382	1591	0.5546	0.5053	SGL	SGL	BAF_WEIGHTED	1546	0.3903	2468893	2468893	1.9978	2.0404
chr3	4113066	16744577	4.0542	8346	0.5548	0.5129	SGL	BND	BAF_WEIGHTED	11848	0.4340	4113066	4113066	1.9749	2.0793
chr3	16744578	38425917	4.0436	12857	0.5529	0.5064	BND	BND	BAF_WEIGHTED	20326	0.3863	16744578	16744578	1.9960	2.0475
chr3	38425918	39403261	4.0868	366	0.5534	0.5106	BND	INV	BAF_WEIGHTED	915	0.4405	38425918	38425918	2.0000	2.0868
chr3	39403262	39403271	2.8338	0	0.0000	0.7066	INV	INV	STRUCTURAL_VARIANT	0	0.0000	39403262	39403262	0.8313	2.0025
chr3	39403272	39403333	4.0031	0	0.0000	0.5002	INV	INV	STRUCTURAL_VARIANT	0	0.0000	39403272	39403272	2.0006	2.0025
chr3	39403334	39403349	2.9666	0	0.0000	0.6750	INV	INV	STRUCTURAL_VARIANT	0	0.0000	39403334	39403334	0.9641	2.0025
chr3	39403350	47638792	3.9663	3623	0.5536	0.5049	INV	DEL	BAF_WEIGHTED	7661	0.4307	39403350	39403350	1.9638	2.0025
chr3	47638793	47862149	2.7319	104	0.6450	0.6609	DEL	DEL	BAF_WEIGHTED	212	0.4438	47638793	47638793	0.9265	1.8054
chr3	47862150	49791906	3.8266	333	0.5590	0.5235	DEL	DEL	BAF_WEIGHTED	1762	0.4802	47862150	47862150	1.8234	2.0032
chr3	49791907	49791941	3.3295	0	0.0000	0.6058	DEL	DEL	STRUCTURAL_VARIANT	0	0.0000	49791907	49791907	1.3124	2.0170
chr3	49791942	79865433	3.9939	17187	0.5531	0.5050	DEL	SGL	BAF_WEIGHTED	27830	0.4063	49791942	49791942	1.9769	2.0170
chr3	79865434	79865435	3.5932	0	0.0000	0.5613	SGL	SGL	STRUCTURAL_VARIANT	0	0.0000	79865434	79865434	1.5762	2.0170
chr3	79865436	88700000	4.0148	5191	0.5537	0.5020	SGL	BND	BAF_WEIGHTED	8368	0.3492	79865436	79865436	1.9995	2.0153
chr3	88700001	92214015	2.9942	900	0.6497	0.6647	BND	CENTROMERE	BAF_WEIGHTED	1686	0.3526	88700001	88700001	1.0040	1.9902
chr3	92214016	95121261	4.0093	1067	0.5500	0.5012	CENTROMERE	DUP	BAF_WEIGHTED	1189	0.3641	92214016	92214016	2.0000	2.0093
chr3	95121262	95535939	5.0095	903	0.5897	0.5951	DUP	DUP	BAF_WEIGHTED	404	0.3382	95121262	95121262	2.0283	2.9811
chr3	95535940	98322000	4.0877	1291	0.5539	0.5116	DUP	NONE	BAF_WEIGHTED	2585	0.3531	95535940	95535940	1.9966	2.0911
chr3	98322001	115767967	3.0905	8130	0.6494	0.6639	NONE	DUP	BAF_WEIGHTED	16446	0.3740	98322001	98322001	1.0387	2.0517
chr3	115767968	116063884	4.0610	198	0.7308	0.7478	DUP	DUP	BAF_WEIGHTED	288	0.3801	115767968	115767968	1.0243	3.0367
chr3	116063885	116185685	3.0801	89	0.6562	0.6714	DUP	DEL	BAF_WEIGHTED	111	0.3649	116063885	116063885	1.0123	2.0679
chr3	116185686	116293889	1.9804	104	0.9237	0.9872	DEL	DEL	BAF_WEIGHTED	100	0.3746	116185686	116185686	0.0254	1.9550
chr3	116293890	130634159	3.0554	7156	0.6485	0.6630	DEL	BND	BAF_WEIGHTED	12848	0.4217	116293890	116293890	1.0295	2.0259
chr3	130634160	130634266	3.8605	0	0.0000	0.5224	BND	BND	STRUCTURAL_VARIANT	0	0.0000	130634160	130634160	1.8436	2.0169
chr3	130634267	144331690	3.0365	7265	0.6496	0.6642	BND	BND	BAF_WEIGHTED	12737	0.4082	130634267	130634267	1.0195	2.0169
chr3	144331691	146123728	3.0569	1588	0.6512	0.6660	BND	INV	BAF_WEIGHTED	1694	0.3476	144331691	144331691	1.0211	2.0359
chr3	146123729	146124701	3.6492	0	0.0000	0.5579	INV	BND	STRUCTURAL_VARIANT	0	0.0000	146123729	146123729	1.6134	2.0359
chr3	146124702	146132630	3.2269	4	0.6195	0.6306	BND	INV	BAF_WEIGHTED	7	0.3507	146124702	146124702	1.1921	2.0348
chr3	146132631	153556214	4.0430	3988	0.5553	0.5053	INV	BND	BAF_WEIGHTED	7003	0.3746	146132631	146132631	2.0000	2.0429
chr3	153556215	158850748	5.0721	3212	0.5970	0.6027	BND	DUP	BAF_WEIGHTED	4931	0.3827	153556215	153556215	2.0153	3.0568
chr3	158850749	168512064	7.0561	6923	0.7020	0.7105	DUP	DUP	BAF_WEIGHTED	8959	0.3612	158850749	158850749	2.0425	5.0136
chr3	168512065	169427196	11.1532	396	0.8072	0.8154	DUP	SGL	BAF_WEIGHTED	885	0.3613	168512065	168512065	2.0591	9.0941
chr3	169427197	169427197	18.1842	0	0.0000	0.8868	SGL	INF	STRUCTURAL_VARIANT	0	0.0000	169427197	169427197	2.0591	16.1251
chr3	169427198	170224292	10.8124	333	0.8088	0.8173	INF	DUP	BAF_WEIGHTED	760	0.3988	169427198	169427198	1.9751	8.8374
chr3	170224293	170545188	8.5824	105	0.7609	0.7697	DUP	BND	BAF_WEIGHTED	312	0.4179	170224293	170224293	1.9767	6.6057
chr3	170545189	171006170	8.9889	192	0.7674	0.7763	BND	BND	BAF_WEIGHTED	396	0.3997	170545189	170545189	2.0109	6.9780
chr3	171006171	171373272	8.8831	144	0.7596	0.7684	BND	DUP	BAF_WEIGHTED	359	0.3933	171006171	171006171	2.0574	6.8256
chr3	171373273	177060350	4.9999	3420	0.5955	0.6012	DUP	BND	BAF_WEIGHTED	5419	0.3683	171373273	171373273	1.9938	3.0060
chr3	177060351	179707945	4.9769	1307	0.5919	0.5975	BND	BND	BAF_WEIGHTED	2487	0.3890	177060351	177060351	2.0034	2.9735
chr3	179707946	183293245	4.9449	789	0.5952	0.6010	BND	DEL	BAF_WEIGHTED	3411	0.3850	179707946	179707946	1.9732	2.9716
chr3	183293246	184691921	3.9220	572	0.5565	0.5099	DEL	DEL	BAF_WEIGHTED	1320	0.4634	183293246	183293246	1.9220	2.0000
chr3	184691922	186590365	4.8743	1018	0.5956	0.6013	DEL	INV	BAF_WEIGHTED	1829	0.4231	184691922	184691922	1.9433	2.9310
chr3	186590366	186721158	3.9728	143	0.5490	0.5034	INV	BND	BAF_WEIGHTED	120	0.4366	186590366	186590366	1.9728	2.0000
chr3	186721159	186794010	4.7137	90	0.6000	0.6063	BND	INV	BAF_WEIGHTED	71	0.4313	186721159	186721159	1.8556	2.8581
chr3	186794011	198295559	3.9464	8351	0.5553	0.5072	INV	TELOMERE	BAF_WEIGHTED	10411	0.4099	186794011	186794011	1.9446	2.0018
chr4	1	45081593	3.0075	30788	0.6505	0.6654	TELOMERE	BND	BAF_WEIGHTED	40583	0.4025	1	1	1.0062	2.0013
chr4	45081594	45081606	3.5881	0	0.0000	0.7196	BND	BND	STRUCTURAL_VARIANT	0	0.0000	45081594	45081594	1.0062	2.5819
chr4	45081607	49105389	3.0189	1800	0.6522	0.6673	BND	BND	BAF_WEIGHTED	3755	0.3680	45081607	45081607	1.0045	2.0144
chr4	49105390	50726025	3.3930	0	0.0000	0.7040	BND	CENTROMERE	STRUCTURAL_VARIANT	0	0.4020	49105390	49105390	1.0045	2.3885
chr4	50726026	52113118	3.0891	16	0.6152	0.6264	CENTROMERE	SGL	BAF_WEIGHTED	270	0.4025	50726026	50726026	1.1541	1.9350
chr4	52113119	52113136	4.2513	0	0.0000	0.7608	SGL	SGL	STRUCTURAL_VARIANT	0	0.0000	52113119	52113119	1.0168	3.2345
chr4	52113137	58542467	3.0448	5287	0.6512	0.6660	SGL	SGL	BAF_WEIGHTED	5843	0.3989	52113137	52113137	1.0168	2.0279
chr4	58542468	58542485	3.7863	0	0.0000	0.7332	SGL	SGL	STRUCTURAL_VARIANT	0	0.0000	58542468	58542468	1.0100	2.7763
chr4	58542486	65929470	3.0110	5684	0.6497	0.6646	SGL	SGL	BAF_WEIGHTED	6829	0.3450	58542486	58542486	1.0100	2.0010
chr4	65929471	65929480	3.5349	0	0.0000	0.7143	SGL	SGL	STRUCTURAL_VARIANT	0	0.0000	65929471	65929471	1.0100	2.5249
chr4	65929481	74716319	3.0592	4707	0.6505	0.6652	SGL	BND	BAF_WEIGHTED	7699	0.3660	65929481	65929481	1.0242	2.0350
chr4	74716320	107802645	3.0305	18566	0.6503	0.6651	BND	BND	BAF_WEIGHTED	30627	0.3739	74716320	74716320	1.0148	2.0157
chr4	107802646	118646136	3.0295	8044	0.6493	0.6640	BND	DEL	BAF_WEIGHTED	9979	0.3671	107802646	107802646	1.0179	2.0116
chr4	118646137	118646174	2.1028	0	0.0000	0.9627	DEL	DEL	STRUCTURAL_VARIANT	0	0.0000	118646137	118646137	0.0784	2.0243
chr4	118646175	134613333	3.0460	9898	0.6499	0.6646	DEL	DUP	BAF_WEIGHTED	14566	0.3617	118646175	118646175	1.0217	2.0243
chr4	134613334	134627031	4.4014	9	0.5541	0.5456	DUP	DUP	BAF_WEIGHTED	12	0.3422	134613334	134613334	2.0000	2.4014
chr4	134627032	136226377	3.0657	1117	0.6512	0.6659	DUP	BND	BAF_WEIGHTED	1499	0.3383	134627032	134627032	1.0241	2.0416
chr4	136226378	172403432	3.0292	20366	0.6515	0.6664	BND	BND	BAF_WEIGHTED	33631	0.3744	136226378	136226378	1.0105	2.0187
chr4	172403433	190214555	3.0117	13037	0.6490	0.6639	BND	TELOMERE	BAF_WEIGHTED	16391	0.3844	172403433	172403433	1.0123	1.9994
chr5	1	25482893	3.0146	17997	0.6504	0.6653	TELOMERE	BND	BAF_WEIGHTED	22864	0.4003	1	1	1.0090	2.0057
chr5	25482894	48272853	3.0237	13912	0.6506	0.6655	BND	CENTROMERE	BAF_WEIGHTED	19154	0.3780	25482894	25482894	1.0113	2.0123
chr5	48272854	53485316	3.0136	2687	0.6500	0.6649	CENTROMERE	SGL	BAF_WEIGHTED	2842	0.3619	48272854	48272854	1.0099	2.0037
chr5	53485317	53485525	6.9254	0	0.0000	0.7140	SGL	SGL	STRUCTURAL_VARIANT	0	0.0000	53485317	53485317	1.9806	4.9449
chr5	53485526	58120761	2.9728	2970	0.6510	0.6662	SGL	SGL	BAF_WEIGHTED	4323	0.3993	53485526	53485526	0.9923	1.9806
chr5	58120762	58120764	3.4755	0	0.0000	0.7145	SGL	SGL	STRUCTURAL_VARIANT	0	0.0000	58120762	58120762	0.9923	2.4832
chr5	58120765	60789554	2.9355	1781	0.6521	0.6676	SGL	INV	BAF_WEIGHTED	2490	0.3771	58120765	58120765	0.9758	1.9596
chr5	60789555	60789569	3.1559	0	0.0000	0.6177	INV	INV	STRUCTURAL_VARIANT	0	0.0000	60789555	60789555	1.2066	1.9493
chr5	60789570	60789588	3.1783	0	0.0000	0.6133	INV	BND	STRUCTURAL_VARIANT	0	0.0000	60789570	60789570	1.2290	1.9493
chr5	60789589	90155674	2.9477	16320	0.6465	0.6613	BND	BND	BAF_WEIGHTED	25605	0.3853	60789589	60789589	0.9983	1.9493
chr5	90155675	96681687	3.0197	2003	0.6471	0.6617	BND	DUP	BAF_WEIGHTED	6160	0.3695	90155675	90155675	1.0217	1.9980
chr5	96681688	96698221	4.2201	8	0.5802	0.5859	DUP	DUP	BAF_WEIGHTED	16	0.3741	96681688	96681688	1.7476	2.4724
chr5	96698222	132788336	2.9839	22686	0.6474	0.6622	DUP	BND	BAF_WEIGHTED	33395	0.3727	96698222	96698222	1.0080	1.9759
chr5	132788337	138027747	2.9636	3061	0.6493	0.6642	BND	BND	BAF_WEIGHTED	4961	0.4384	132788337	132788337	0.9950	1.9685
chr5	138027748	142074675	2.9185	1726	0.6488	0.6639	BND	SGL	BAF_WEIGHTED	3746	0.4466	138027748	138027748	0.9810	1.9375
chr5	142074676	142082093	2.9773	3	0.6444	0.6589	SGL	DEL	BAF_WEIGHTED	4	0.4380	142074676	142074676	1.0156	1.9617
chr5	142082094	142082157	1.9641	0	0.0000	1.0000	DEL	DEL	STRUCTURAL_VARIANT	0	0.0000	142082094	142082094	0.0000	1.9641
chr5	142082158	148066981	3.0090	3185	0.6458	0.6603	DEL	BND	BAF_WEIGHTED	5682	0.3965	142082158	142082158	1.0222	1.9868
chr5	148066982	152539146	3.0569	2525	0.6471	0.6615	BND	SGL	BAF_WEIGHTED	4243	0.4341	148066982	148066982	1.0348	2.0221
chr5	152539147	152539149	2.6305	0	0.0000	0.7625	SGL	BND	STRUCTURAL_VARIANT	0	0.0000	152539147	152539147	0.6248	2.0056
chr5	152539150	160469175	3.0253	5025	0.6483	0.6630	BND	BND	BAF_WEIGHTED	7484	0.4104	152539150	152539150	1.0196	2.0056
chr5	160469176	168835154	2.9940	4470	0.6464	0.6610	BND	DUP	BAF_WEIGHTED	7933	0.3784	160469176	160469176	1.0150	1.9790
chr5	168835155	168835230	4.0900	0	0.0000	0.5162	DUP	DUP	STRUCTURAL_VARIANT	0	0.0000	168835155	168835155	1.9790	2.1111
chr5	168835231	170747845	3.0356	1444	0.6429	0.6570	DUP	DUP	BAF_WEIGHTED	1863	0.4377	168835231	168835231	1.0413	1.9943
chr5	170747846	170802673	3.9998	56	0.5623	0.5000	DUP	DUP	BAF_WEIGHTED	46	0.4762	170747846	170747846	1.9998	2.0000
chr5	170802674	181538259	2.8790	6219	0.6485	0.6640	DUP	TELOMERE	BAF_WEIGHTED	8901	0.4632	170802674	170802674	0.9675	1.9116
chr6	1	10081664	5.5568	6760	0.6443	0.6521	TELOMERE	BND	BAF_WEIGHTED	9243	0.4212	1	1	1.9332	3.6236
chr6	10081665	10316585	5.6391	122	0.6408	0.6483	BND	BND	BAF_WEIGHTED	225	0.4011	10081665	10081665	1.9835	3.6556
chr6	10316586	13408057	5.6238	1618	0.6471	0.6549	BND	BND	BAF_WEIGHTED	2975	0.4133	10316586	10316586	1.9407	3.6832
chr6	13408058	16300936	4.5835	1907	0.5758	0.5808	BND	BND	BAF_WEIGHTED	2796	0.4297	13408058	13408058	1.9216	2.6620
chr6	16300937	22084387	4.5848	3725	0.5821	0.5875	BND	BND	BAF_WEIGHTED	5556	0.4035	16300937	16300937	1.8915	2.6934
chr6	22084388	23332294	4.6479	912	0.5814	0.5866	BND	BND	BAF_WEIGHTED	1177	0.3723	22084388	22084388	1.9213	2.7266
chr6	23332295	26212574	3.6446	1943	0.7156	0.7333	BND	BND	BAF_WEIGHTED	2748	0.3951	23332295	23332295	0.9722	2.6724
chr6	26212575	30324151	3.5646	4245	0.7143	0.7321	BND	SGL	BAF_WEIGHTED	3525	0.4151	26212575	26212575	0.9549	2.6096
chr6	30324152	30324167	4.2012	0	0.0000	0.7648	SGL	SGL	STRUCTURAL_VARIANT	0	0.0000	30324152	30324152	0.9881	3.2131
chr6	30324168	50476550	3.7241	9054	0.7174	0.7347	SGL	SGL	BAF_WEIGHTED	18820	0.4367	30324168	30324168	0.9881	2.7361
chr6	50476551	50476556	4.3293	0	0.0000	0.7718	SGL	SGL	STRUCTURAL_VARIANT	0	0.0000	50476551	50476551	0.9881	3.3412
chr6	50476557	59191910	3.8214	5223	0.7133	0.7299	SGL	CENTROMERE	BAF_WEIGHTED	6389	0.3798	50476557	50476557	1.0322	2.7892
chr6	59191911	60854520	3.8595	39	0.7115	0.7279	CENTROMERE	DEL	BAF_WEIGHTED	85	0.3659	59191911	59191911	1.0502	2.8092
chr6	60854521	76087865	3.0487	8650	0.6509	0.6657	DEL	DEL	BAF_WEIGHTED	13594	0.3618	60854521	60854521	1.0193	2.0294
chr6	76087866	76087915	2.3643	0	0.0000	0.5689	DEL	DEL	STRUCTURAL_VARIANT	0	0.0000	76087866	76087866	1.0193	1.3450
chr6	76087916	81759767	3.0910	3791	0.6515	0.6662	DEL	DEL	BAF_WEIGHTED	5094	0.3627	76087916	76087916	1.0318	2.0592
chr6	81759768	83705721	3.7090	1296	0.7078	0.7246	DEL	BND	BAF_WEIGHTED	1777	0.3763	81759768	81759768	1.0215	2.6875
chr6	83705722	85028920	3.6082	622	0.6989	0.7155	BND	INV	BAF_WEIGHTED	1196	0.3789	83705722	83705722	1.0264	2.5818
chr6	85028921	87455305	3.0887	2019	0.6450	0.6590	INV	INF	BAF_WEIGHTED	2117	0.3875	85028921	85028921	1.0532	2.0355
chr6	87455306	87455306	3.8368	0	0.0000	0.7255	INF	INV	STRUCTURAL_VARIANT	0	0.0000	87455306	87455306	1.0532	2.7837
chr6	87455307	88057188	3.3867	248	0.6829	0.6990	INV	BND	BAF_WEIGHTED	588	0.3991	87455307	87455307	1.0193	2.3675
chr6	88057189	88057189	3.7253	0	0.0000	0.7273	BND	INF	STRUCTURAL_VARIANT	0	0.0000	88057189	88057189	1.0160	2.7093
chr6	88057190	140858707	3.0425	28254	0.6512	0.6661	INF	BND	BAF_WEIGHTED	49776	0.3768	88057190	88057190	1.0160	2.0264
chr6	140858708	153501521	3.0103	7803	0.6529	0.6681	BND	BND	BAF_WEIGHTED	12016	0.3904	140858708	140858708	0.9990	2.0113
chr6	153501522	156935940	3.0065	2483	0.6487	0.6634	BND	DEL	BAF_WEIGHTED	3323	0.3968	153501522	153501522	1.0118	1.9946
chr6	156935941	157010370	2.0310	65	0.9355	0.9996	DEL	DEL	BAF_WEIGHTED	74	0.3975	156935941	156935941	0.0009	2.0302
chr6	157010371	170805979	3.0269	12196	0.6513	0.6663	DEL	TELOMERE	BAF_WEIGHTED	12525	0.4297	157010371	157010371	1.0101	2.0167
chr7	1	59498943	2.9928	40247	0.6497	0.6647	TELOMERE	CENTROMERE	BAF_WEIGHTED	51207	0.4057	1	1	1.0036	1.9892
chr7	59498944	68472438	3.8681	5163	0.5560	0.5158	CENTROMERE	INF	BAF_WEIGHTED	4030	0.4241	59498944	59498944	1.8728	1.9953
chr7	68472439	68472439	6.0992	0	0.0000	0.6929	INF	BND	STRUCTURAL_VARIANT	0	0.0000	68472439	68472439	1.8728	4.2264
chr7	68472440	70049563	3.7865	804	0.5588	0.5282	BND	DEL	BAF_WEIGHTED	1559	0.4261	68472440	68472440	1.7865	2.0000
chr7	70049564	70049947	3.0344	0	0.0000	0.6582	DEL	DEL	STRUCTURAL_VARIANT	0	0.0000	70049564	70049564	1.0373	1.9971
chr7	70049948	83553763	3.8830	6580	0.5544	0.5143	DEL	BND	BAF_WEIGHTED	10680	0.4066	70049948	70049948	1.8859	1.9971
chr7	83553764	101207608	3.9479	8671	0.5546	0.5116	BND	BND	BAF_WEIGHTED	16020	0.3873	83553764	83553764	1.9281	2.0198
chr7	101207609	110267000	3.9212	5387	0.5539	0.5115	BND	NONE	BAF_WEIGHTED	7960	0.4064	101207609	101207609	1.9156	2.0056
chr7	110267001	110409000	3.0465	37	0.6383	0.6519	NONE	NONE	BAF_WEIGHTED	132	0.3640	110266001	110268001	1.0606	1.9859
chr7	110409001	110595243	3.9393	167	0.5556	0.5077	NONE	DEL	BAF_WEIGHTED	169	0.3688	110409001	110409001	1.9393	2.0000
chr7	110595244	110681656	3.2945	35	0.6066	0.6163	DEL	DEL	BAF_WEIGHTED	80	0.3790	110595244	110595244	1.2642	2.0303
chr7	110681657	110790000	3.8804	49	0.5476	0.5154	DEL	NONE	BAF_WEIGHTED	97	0.3724	110681657	110681657	1.8804	2.0000
chr7	110790001	111019000	2.9990	33	0.6286	0.6414	NONE	NONE	BAF_WEIGHTED	216	0.3548	110790001	110790001	1.0754	1.9236
chr7	111019001	111125740	3.9754	2	0.5461	0.5031	NONE	DEL	BAF_WEIGHTED	103	0.3622	111019001	111019001	1.9754	2.0000
chr7	111125741	111187264	3.0809	0	0.0000	0.6501	DEL	DEL	BAF_WEIGHTED	61	0.3443	111125741	111125741	1.0781	2.0028
chr7	111187265	117380000	4.0028	2194	0.5532	0.5003	DEL	NONE	BAF_WEIGHTED	5844	0.3688	111187265	111187265	2.0000	2.0028
chr7	117380001	117484000	4.8388	57	0.5862	0.5915	NONE	NONE	BAF_WEIGHTED	101	0.3630	117380001	117380001	1.9765	2.8623
chr7	117484001	131414221	4.0329	8323	0.5545	0.5111	NONE	BND	BAF_WEIGHTED	12911	0.3807	117484001	117484001	1.9718	2.0611
chr7	131414222	141371605	3.9630	5086	0.5533	0.5091	BND	BND	BAF_WEIGHTED	9510	0.4153	131414222	131414222	1.9455	2.0176
chr7	141371606	142709487	4.1132	381	0.5574	0.5166	BND	DEL	BAF_WEIGHTED	1112	0.4068	141371606	141371606	1.9885	2.1247
chr7	142709488	142711106	3.4025	0	0.0000	0.5870	DEL	DEL	BAF_WEIGHTED	1	0.4070	142709488	142709488	1.4051	1.9974
chr7	142711107	145809970	4.0460	1821	0.5539	0.5063	DEL	BND	BAF_WEIGHTED	2386	0.3899	142711107	142711107	1.9974	2.0486
chr7	145809971	145809971	4.6625	0	0.0000	0.5802	BND	BND	STRUCTURAL_VARIANT	0	0.0000	145809971	145809971	1.9574	2.7051
chr7	145809972	156263892	3.9601	7913	0.5549	0.5057	BND	SGL	BAF_WEIGHTED	8714	0.4332	145809972	145809972	1.9574	2.0027
chr7	156263893	158208153	3.8621	1747	0.5536	0.5178	SGL	DEL	BAF_WEIGHTED	1730	0.4699	156263893	156263893	1.8621	2.0000
chr7	158208154	158209014	2.8300	0	0.0000	0.6580	DEL	DEL	STRUCTURAL_VARIANT	0	0.0000	158208154	158208154	0.9678	1.8621
chr7	158209015	158595286	3.9190	265	0.5532	0.5103	DEL	INF	BAF_WEIGHTED	302	0.5018	158209015	158209015	1.9190	2.0000
chr7	158595287	158595287	5.0339	0	0.0000	0.6488	INF	SGL	STRUCTURAL_VARIANT	0	0.0000	158595287	158595287	1.7682	3.2657
chr7	158595288	159345973	3.7370	521	0.5527	0.5268	SGL	TELOMERE	BAF_WEIGHTED	643	0.4486	158595288	158595288	1.7682	1.9688
chr8	1	6044500	1.9994	6111	0.5715	0.5822	TELOMERE	NONE	BAF_WEIGHTED	5069	0.4121	1	1	0.8354	1.1639
chr8	6044501	8608727	1.0404	1875	0.8889	1.0006	NONE	BND	BAF_WEIGHTED	1281	0.4305	6044001	6045001	0.0000	1.0404
chr8	8608728	9710905	1.0202	500	0.8681	0.9760	BND	DEL	BAF_WEIGHTED	1056	0.4196	8608728	8608728	0.0245	0.9957
chr8	9710906	9712061	0.1372	0	0.0000	1.0000	DEL	DEL	BAF_WEIGHTED	1	0.3340	9710906	9710906	0.0000	0.1372
chr8	9712062	11289296	1.0425	1142	0.8824	0.9919	DEL	INV	BAF_WEIGHTED	1507	0.4468	9712062	9712062	0.0084	1.0341
chr8	11289297	11291767	2.1692	0	0.0000	0.5233	INV	INV	BAF_WEIGHTED	1	0.3520	11289297	11289297	1.0341	1.1351
chr8	11291768	11505952	3.0785	165	0.6486	0.6630	INV	DEL	BAF_WEIGHTED	196	0.4496	11291768	11291768	1.0373	2.0412
chr8	11505953	11627099	1.0797	68	0.9129	1.0272	DEL	DEL	BAF_WEIGHTED	115	0.4843	11505953	11505953	0.0000	1.0797
chr8	11627100	14664667	2.9961	3357	0.6585	0.6743	DEL	BND	BAF_WEIGHTED	2214	0.3885	11627100	11627100	0.9758	2.0203
chr8	14664668	14676798	3.8705	47	0.7333	0.7513	BND	INV	BAF_WEIGHTED	10	0.3546	14664668	14664668	0.9625	2.9080
chr8	14676799	14680093	2.7780	12	0.6432	0.6587	INV	INV	BAF_WEIGHTED	3	0.3257	14676799	14676799	0.9482	1.8298
chr8	14680094	18398072	2.0175	3025	0.5714	0.5820	INV	DEL	BAF_WEIGHTED	3583	0.3749	14680094	14680094	0.8434	1.1742
chr8	18398073	18513131	1.0336	208	0.8750	0.9836	DEL	DEL	BAF_WEIGHTED	107	0.4042	18398073	18398073	0.0169	1.0167
chr8	18513132	25049089	2.0137	4682	0.5769	0.5884	DEL	DEL	BAF_WEIGHTED	6234	0.4327	18513132	18513132	0.8289	1.1848
chr8	25049090	36713063	1.0278	6786	0.8754	0.9847	DEL	DEL	BAF_WEIGHTED	11132	0.4050	25049090	25049090	0.0157	1.0120
chr8	36713064	37925044	2.0397	516	0.5714	0.5819	DEL	BND	BAF_WEIGHTED	1166	0.4330	36713064	36713064	0.8529	1.1868
chr8	37925045	41832396	2.9556	1915	0.6497	0.6649	BND	BND	BAF_WEIGHTED	3707	0.4181	37925045	37925045	0.9905	1.9650
chr8	41832397	42173138	3.9537	154	0.7379	0.7559	BND	INV	BAF_WEIGHTED	329	0.4341	41832397	41832397	0.9651	2.9886
chr8	42173139	42217474	3.0421	5	0.6364	0.6498	INV	INV	BAF_WEIGHTED	43	0.4813	42173139	42173139	1.0653	1.9768
chr8	42217475	42476506	1.9652	25	0.5796	0.5917	INV	BND	BAF_WEIGHTED	249	0.4516	42217475	42217475	0.8024	1.1628
chr8	42476507	44955504	2.9648	256	0.6565	0.6724	BND	CENTROMERE	BAF_WEIGHTED	1279	0.4108	42476507	42476507	0.9713	1.9936
chr8	44955505	46127821	4.0980	115	0.7341	0.7515	CENTROMERE	DEL	BAF_WEIGHTED	142	0.4426	44955505	44955505	1.0184	3.0796
chr8	46127822	46128038	3.6606	0	0.0000	0.8287	DEL	DEL	STRUCTURAL_VARIANT	0	0.0000	46127822	46127822	0.6269	3.0337
chr8	46128039	67062489	4.0437	12088	0.7330	0.7502	DEL	DEL	BAF_WEIGHTED	19477	0.3924	46128039	46128039	1.0100	3.0337
chr8	67062490	67062522	3.0419	0	0.0000	0.9973	DEL	DEL	STRUCTURAL_VARIANT	0	0.0000	67062490	67062490	0.0083	3.0337
chr8	67062523	71384066	4.0027	2811	0.7328	0.7502	DEL	SGL	BAF_WEIGHTED	4045	0.3859	67062523	67062523	0.9999	3.0028
chr8	71384067	71384067	3.6267	0	0.0000	0.8298	SGL	SGL	STRUCTURAL_VARIANT	0	0.0000	71384067	71384067	0.6172	3.0095
chr8	71384068	88445609	4.0205	7815	0.7313	0.7485	SGL	INV	BAF_WEIGHTED	15844	0.3688	71384068	71384068	1.0110	3.0095
chr8	88445610	88447628	3.5907	1	0.7959	0.8205	INV	MULTIPLE	BAF_WEIGHTED	1	0.3050	88445610	88445610	0.6444	2.9463
chr8	88447629	88447933	28.8172	0	0.0000	0.8962	MULTIPLE	INV	STRUCTURAL_VARIANT	0	0.0000	88447629	88447629	2.9916	25.8256
chr8	88447934	88498066	54.0437	76	0.9422	0.9446	INV	INV	BAF_WEIGHTED	49	0.3640	88447934	88447934	2.9916	51.0521
chr8	88498067	88500611	43.7638	6	0.9345	0.9375	INV	DEL	BAF_WEIGHTED	1	0.3730	88498067	88498067	2.7345	41.0293
chr8	88500612	88502918	41.1904	4	0.9347	0.9379	DEL	DEL	BAF_WEIGHTED	1	0.3130	88500612	88500612	2.5578	38.6327
chr8	88502919	88506199	38.8414	6	0.9290	0.9323	DEL	BND	BAF_WEIGHTED	3	0.3740	88502919	88502919	2.6295	36.2118
chr8	88506200	88511463	42.2703	8	0.9293	0.9323	BND	DEL	BAF_WEIGHTED	4	0.3287	88506200	88506200	2.8602	39.4101
chr8	88511464	88551207	42.5165	32	0.9232	0.9262	DEL	BND	BAF_WEIGHTED	37	0.3526	88511464	88511464	3.1388	39.3777
chr8	88551208	88586764	41.9379	15	0.9239	0.9269	BND	INV	BAF_WEIGHTED	27	0.3559	88551208	88551208	3.0648	38.8731
chr8	88586765	88590171	45.1100	1	0.9312	0.9341	INV	INV	BAF_WEIGHTED	3	0.3473	88586765	88586765	2.9735	42.1365
chr8	88590172	88614742	48.6133	8	0.9369	0.9396	INV	INV	BAF_WEIGHTED	23	0.3653	88590172	88590172	2.9369	45.6764
chr8	88614743	88615625	53.3032	0	0.0000	0.9449	INV	INV	STRUCTURAL_VARIANT	0	0.0000	88614743	88614743	2.9369	50.3663
chr8	88615626	88626057	57.9931	7	0.9490	0.9513	INV	DEL	BAF_WEIGHTED	10	0.3463	88615626	88615626	2.8235	55.1696
chr8	88626058	88664572	32.0686	40	0.9067	0.9105	DEL	INV	BAF_WEIGHTED	35	0.3447	88626058	88626058	2.8688	29.1998
chr8	88664573	88665356	27.0207	0	0.0000	0.8938	INV	INV	STRUCTURAL_VARIANT	0	0.0000	88664573	88664573	2.8688	24.1518
chr8	88665357	88671119	31.8192	3	0.8815	0.8851	INV	DEL	BAF_WEIGHTED	5	0.3448	88665357	88665357	3.6566	28.1626
chr8	88671120	88674325	26.3137	0	0.0000	0.8738	DEL	SGL	STRUCTURAL_VARIANT	0	0.0000	88671120	88671120	3.3219	22.9918
chr8	88674326	88706231	26.7363	21	0.8716	0.8758	SGL	INV	BAF_WEIGHTED	22	0.3524	88674326	88674326	3.3219	23.4144
chr8	88706232	88707393	28.6670	0	0.0000	0.8841	INV	INV	STRUCTURAL_VARIANT	0	0.0000	88706232	88706232	3.3219	25.3451
chr8	88707394	88716194	30.5977	6	0.8997	0.9037	INV	BND	BAF_WEIGHTED	8	0.3708	88707394	88707394	2.9480	27.6498
chr8	88716195	88716203	30.9725	0	0.0000	0.9054	BND	SGL	STRUCTURAL_VARIANT	0	0.0000	88716195	88716195	2.9291	28.0435
chr8	88716204	88782484	30.3939	106	0.8997	0.9036	SGL	DEL	BAF_WEIGHTED	59	0.3521	88716204	88716204	2.9291	27.4649
chr8	88782485	88936967	31.4482	208	0.9000	0.9038	DEL	DEL	BAF_WEIGHTED	142	0.3393	88782485	88782485	3.0253	28.4229
chr8	88936968	88997376	28.2358	45	0.8912	0.8953	DEL	DUP	BAF_WEIGHTED	60	0.3506	88936968	88936968	2.9566	25.2792
chr8	88997377	88997419	39.8909	0	0.0000	0.9259	DUP	DUP	STRUCTURAL_VARIANT	0	0.0000	88997377	88997377	2.9572	36.9337
chr8	88997420	89094232	27.8918	147	0.8898	0.8940	DUP	DEL	BAF_WEIGHTED	90	0.3454	88997420	88997420	2.9572	24.9347
chr8	89094233	89176910	54.6713	95	0.9425	0.9449	DEL	INV	BAF_WEIGHTED	69	0.3357	89094233	89094233	3.0114	51.6600
chr8	89176911	89177917	41.2083	0	0.0000	0.9269	INV	INV	STRUCTURAL_VARIANT	0	0.0000	89176911	89176911	3.0114	38.1970
chr8	89177918	89184034	27.7453	5	0.8840	0.8881	INV	INV	BAF_WEIGHTED	6	0.3318	89177918	89177918	3.1037	24.6416
chr8	89184035	89185174	29.6391	0	0.0000	0.8928	INV	INV	STRUCTURAL_VARIANT	0	0.0000	89184035	89184035	3.1770	26.4621
chr8	89185175	89201261	31.5329	10	0.8955	0.8992	INV	INV	BAF_WEIGHTED	13	0.3445	89185175	89185175	3.1770	28.3559
chr8	89201262	89321832	21.6701	11	0.8547	0.8596	INV	INV	BAF_WEIGHTED	109	0.3599	89201262	89201262	3.0426	18.6275
chr8	89321833	89785438	18.8458	148	0.8376	0.8430	INV	DEL	BAF_WEIGHTED	404	0.3702	89321833	89321833	2.9597	15.8862
chr8	89785439	89863967	15.6724	82	0.8032	0.8090	DEL	INV	BAF_WEIGHTED	74	0.3856	89785439	89785439	2.9937	12.6786
chr8	89863968	90800443	12.9654	642	0.7576	0.7636	INV	DEL	BAF_WEIGHTED	876	0.3766	89863968	89863968	3.0656	9.8998
chr8	90800444	91449454	16.1745	411	0.8035	0.8091	DEL	INV	BAF_WEIGHTED	621	0.3631	90800444	90800444	3.0877	13.0869
chr8	91449455	93036942	4.0474	709	0.7317	0.7488	INV	DEL	BAF_WEIGHTED	1473	0.3687	91449455	91449455	1.0166	3.0308
chr8	93036943	94724610	6.9690	810	0.5699	0.5729	DEL	INV	BAF_WEIGHTED	1602	0.4011	93036943	93036943	2.9762	3.9928
chr8	94724611	94727030	13.3140	2	0.7749	0.7809	INV	INV	BAF_WEIGHTED	2	0.3635	94724611	94724611	2.9168	10.3972
chr8	94727031	94803860	17.6844	63	0.8378	0.8435	INV	INV	BAF_WEIGHTED	74	0.4034	94727031	94727031	2.7675	14.9170
chr8	94803861	103659759	6.8488	4474	0.5651	0.5636	INV	DEL	BAF_WEIGHTED	8317	0.4073	94803861	94803861	2.9890	3.8598
chr8	103659760	103665382	12.4118	16	0.7592	0.7654	DEL	DEL	BAF_WEIGHTED	3	0.3940	103659760	103659760	2.9113	9.5005
chr8	103665383	104278274	6.8270	520	0.5673	0.5605	DEL	DEL	BAF_WEIGHTED	580	0.3490	103665383	103665383	3.0005	3.8265
chr8	104278275	104301436	11.9813	47	0.7515	0.7578	DEL	DEL	BAF_WEIGHTED	14	0.3955	104278275	104278275	2.9022	9.0791
chr8	104301437	112161361	6.9687	4595	0.5659	0.5695	DEL	SGL	BAF_WEIGHTED	7481	0.3639	104301437	104301437	2.9999	3.9688
chr8	112161362	114320027	6.9229	2042	0.5699	0.5729	SGL	INV	BAF_WEIGHTED	2031	0.3392	112161362	112161362	2.9566	3.9662
chr8	114320028	114341344	11.8471	34	0.7551	0.7615	INV	INV	BAF_WEIGHTED	20	0.3386	114320028	114320028	2.8251	9.0220
chr8	114341345	114355006	7.0088	15	0.5758	0.5790	INV	INV	BAF_WEIGHTED	13	0.3251	114341345	114341345	2.9505	4.0583
chr8	114355007	116630162	11.7223	1234	0.7389	0.7450	INV	INV	BAF_WEIGHTED	2168	0.3626	114355007	114355007	2.9892	8.7331
chr8	116630163	116632013	14.8141	1	0.8086	0.8148	INV	INV	BAF_WEIGHTED	1	0.4800	116630163	116630163	2.7432	12.0709
chr8	116632014	116727076	17.6004	57	0.8299	0.8355	INV	DEL	BAF_WEIGHTED	91	0.3690	116632014	116632014	2.8952	14.7052
chr8	116727077	116823514	16.3371	63	0.8043	0.8099	DEL	DEL	BAF_WEIGHTED	95	0.3900	116727077	116727077	3.1062	13.2309
chr8	116823515	117443013	17.6899	278	0.8256	0.8310	DEL	INV	BAF_WEIGHTED	592	0.3838	116823515	116823515	2.9887	14.7012
chr8	117443014	117965874	11.7541	244	0.7333	0.7392	INV	DEL	BAF_WEIGHTED	501	0.3948	117443014	117443014	3.0651	8.6890
chr8	117965875	117967025	11.4872	0	0.0000	0.7332	DEL	DEL	BAF_WEIGHTED	1	0.3630	117965875	117965875	3.0651	8.4221
chr8	117967026	117967295	12.0727	0	0.0000	0.7461	DEL	INV	STRUCTURAL_VARIANT	0	0.0000	117967026	117967026	3.0651	9.0076
chr8	117967296	118037504	10.7657	44	0.7208	0.7270	INV	DEL	BAF_WEIGHTED	68	0.4156	117967296	117967296	2.9392	7.8264
chr8	118037505	118060433	11.5581	23	0.7373	0.7434	DEL	INV	BAF_WEIGHTED	22	0.4159	118037505	118037505	2.9654	8.5927
chr8	118060434	118065856	10.8383	1	0.6897	0.6949	INV	DEL	BAF_WEIGHTED	4	0.3975	118060434	118060434	3.3064	7.5319
chr8	118065857	118079587	11.4133	5	0.7330	0.7395	DEL	INV	BAF_WEIGHTED	13	0.3968	118065857	118065857	2.9737	8.4396
chr8	118079588	118093681	16.4253	2	0.8025	0.8080	INV	DEL	BAF_WEIGHTED	13	0.3929	118079588	118079588	3.1536	13.2717
chr8	118093682	118174789	21.2200	19	0.8608	0.8659	DEL	INV	BAF_WEIGHTED	79	0.4179	118093682	118093682	2.8460	18.3740
chr8	118174790	118197011	16.3840	1	0.8350	0.8411	INV	INV	BAF_WEIGHTED	22	0.4010	118174790	118174790	2.6033	13.7808
chr8	118197012	118244329	12.3466	65	0.7500	0.7561	INV	INV	BAF_WEIGHTED	44	0.4018	118197012	118197012	3.0119	9.3347
chr8	118244330	118757783	13.9667	348	0.7741	0.7800	INV	BND	BAF_WEIGHTED	486	0.3920	118244330	118244330	3.0732	10.8936
chr8	118757784	119224641	14.0283	196	0.7712	0.7770	BND	INV	BAF_WEIGHTED	440	0.3776	118757784	118757784	3.1286	10.8997
chr8	119224642	119469475	9.0764	194	0.6556	0.6607	INV	SGL	BAF_WEIGHTED	202	0.3865	119224642	119224642	3.0794	5.9970
chr8	119469476	119512826	6.8296	114	0.5722	0.5754	SGL	INV	BAF_WEIGHTED	34	0.3985	119469476	119469476	2.9001	3.9295
chr8	119512827	120951212	8.8288	995	0.6554	0.6607	INV	INV	BAF_WEIGHTED	1376	0.3937	119512827	119512827	2.9955	5.8332
chr8	120951213	122214619	6.8287	998	0.5634	0.5607	INV	INV	BAF_WEIGHTED	1202	0.3754	120951213	120951213	2.9996	3.8292
chr8	122214620	122215874	8.3281	0	0.0000	0.6386	INV	INV	STRUCTURAL_VARIANT	0	0.0000	122214620	122214620	3.0094	5.3186
chr8	122215875	122216151	7.3765	0	0.0000	0.5920	INV	INV	STRUCTURAL_VARIANT	0	0.0000	122215875	122215875	3.0094	4.3671
chr8	122216152	127430498	8.8758	3132	0.6557	0.6609	INV	INV	BAF_WEIGHTED	5002	0.4145	122216152	122216152	3.0094	5.8664
chr8	127430499	127432469	10.8677	0	0.0000	0.7231	INV	INV	STRUCTURAL_VARIANT	0	0.0000	127430499	127430499	3.0094	7.8583
chr8	127432470	128877052	12.8597	1241	0.7548	0.7607	INV	BND	BAF_WEIGHTED	1366	0.4171	127432470	127432470	3.0770	9.7826
chr8	128877053	129090802	12.8486	206	0.7540	0.7599	BND	BND	BAF_WEIGHTED	198	0.3796	128877053	128877053	3.0849	9.7638
chr8	129090803	129283972	11.6528	222	0.7381	0.7442	BND	DEL	BAF_WEIGHTED	184	0.3790	129090803	129090803	2.9807	8.6721
chr8	129283973	129865582	7.9775	259	0.6133	0.6175	DEL	DEL	BAF_WEIGHTED	555	0.3954	129283973	129283973	3.0510	4.9265
chr8	129865583	130492590	11.5256	329	0.7350	0.7411	DEL	DEL	BAF_WEIGHTED	612	0.4279	129865583	129865583	2.9840	8.5415
chr8	130492591	130899447	4.1714	189	0.7442	0.7617	DEL	DEL	BAF_WEIGHTED	400	0.4163	130492591	130492591	0.9941	3.1773
chr8	130899448	131050489	11.9043	83	0.7376	0.7436	DEL	INV	BAF_WEIGHTED	147	0.4031	130899448	130899448	3.0527	8.8516
chr8	131050490	131052470	8.0315	0	0.0000	0.6152	INV	INV	BAF_WEIGHTED	1	0.3870	131050490	131050490	3.0908	4.9407
chr8	131052471	134314275	4.1271	2480	0.7321	0.7489	INV	BND	BAF_WEIGHTED	3092	0.4180	131052471	131052471	1.0363	3.0908
chr8	134314276	137384969	4.0646	2671	0.7327	0.7498	BND	INV	BAF_WEIGHTED	2923	0.4016	134314276	134314276	1.0168	3.0478
chr8	137384970	137384971	4.6531	0	0.0000	0.6425	INV	INV	STRUCTURAL_VARIANT	0	0.0000	137384970	137384970	1.6637	2.9894
chr8	137384972	137385033	3.9752	0	0.0000	0.7520	INV	DEL	STRUCTURAL_VARIANT	0	0.0000	137384972	137384972	0.9858	2.9894
chr8	137385034	137385043	3.5099	0	0.0000	0.8517	DEL	DEL	STRUCTURAL_VARIANT	0	0.0000	137385034	137385034	0.5205	2.9894
chr8	137385044	137385127	4.0864	0	0.0000	0.7315	DEL	INV	STRUCTURAL_VARIANT	0	0.0000	137385044	137385044	1.0970	2.9894
chr8	137385128	137386297	3.4085	0	0.0000	0.8771	INV	INV	STRUCTURAL_VARIANT	0	0.0000	137385128	137385128	0.4191	2.9894
chr8	137386298	145138636	3.9970	5183	0.7307	0.7479	INV	TELOMERE	BAF_WEIGHTED	6144	0.4841	137386298	137386298	1.0076	2.9894
chr9	1	7329055	2.9302	5409	0.6521	0.6676	TELOMERE	BND	BAF_WEIGHTED	6635	0.4002	1	1	0.9741	1.9561
chr9	7329056	12318156	2.9121	5227	0.6522	0.6678	BND	BND	BAF_WEIGHTED	4733	0.3589	7329056	7329056	0.9673	1.9447
chr9	12318157	12318170	3.5372	0	0.0000	0.7265	BND	BND	STRUCTURAL_VARIANT	0	0.0000	12318157	12318157	0.9673	2.5698
chr9	12318171	12979991	2.9467	497	0.6552	0.6709	BND	BND	BAF_WEIGHTED	633	0.3557	12318171	12318171	0.9696	1.9770
chr9	12979992	33909990	2.9876	13906	0.6511	0.6662	BND	BND	BAF_WEIGHTED	19261	0.3774	12979992	12979992	0.9972	1.9904
chr9	33909991	33910014	3.1960	0	0.0000	0.6880	BND	INV	STRUCTURAL_VARIANT	0	0.0000	33909991	33909991	0.9972	2.1989
chr9	33910015	33910042	3.2062	0	0.0000	0.6890	INV	INV	STRUCTURAL_VARIANT	0	0.0000	33910015	33910015	0.9972	2.2091
chr9	33910043	44377362	2.9725	2422	0.6521	0.6674	INV	CENTROMERE	BAF_WEIGHTED	4449	0.4475	33910043	33910043	0.9886	1.9839
chr9	44377363	80062596	2.0120	6935	0.9290	0.9928	CENTROMERE	INF	BAF_WEIGHTED	11037	0.3911	44377363	44377363	0.0145	1.9974
chr9	80062597	80062597	3.6035	0	0.0000	0.9960	INF	SGL	STRUCTURAL_VARIANT	0	0.0000	80062597	80062597	0.0145	3.5890
chr9	80062598	85837000	1.9774	3534	0.9270	0.9915	SGL	NONE	BAF_WEIGHTED	5249	0.3935	80062598	80062598	0.0168	1.9606
chr9	85837001	85898000	1.8620	6	0.5676	0.5370	NONE	NONE	BAF_WEIGHTED	43	0.4123	85837001	85837001	0.8620	1.0000
chr9	85898001	128285648	2.0141	25025	0.9299	0.9937	NONE	BND	BAF_WEIGHTED	39464	0.4216	85898001	85898001	0.0127	2.0014
chr9	128285649	138394717	1.9329	6203	0.9356	1.0029	BND	TELOMERE	BAF_WEIGHTED	7729	0.5227	128285649	128285649	0.0000	1.9329
chr10	1	1684445	4.7874	946	0.5925	0.5982	TELOMERE	BND	BAF_WEIGHTED	1424	0.4632	1	1	1.9238	2.8636
chr10	1684446	30314304	3.8672	22982	0.5548	0.5171	BND	DUP	BAF_WEIGHTED	27093	0.4087	1684446	1684446	1.8677	1.9996
chr10	30314305	30314403	5.5666	0	0.0000	0.6645	DUP	DUP	STRUCTURAL_VARIANT	0	0.0000	30314305	30314305	1.8677	3.6989
chr10	30314404	40640101	3.8928	6816	0.5556	0.5151	DUP	CENTROMERE	BAF_WEIGHTED	7784	0.4029	30314404	30314404	1.8877	2.0051
chr10	40640102	51543703	3.9914	5235	0.5540	0.5022	CENTROMERE	SGL	BAF_WEIGHTED	6331	0.4316	40640102	40640102	1.9870	2.0043
chr10	51543704	51543704	4.4184	0	0.0000	0.5493	SGL	BND	STRUCTURAL_VARIANT	0	0.0000	51543704	51543704	1.9916	2.4269
chr10	51543705	65373477	3.9916	9281	0.5532	0.5011	BND	BND	BAF_WEIGHTED	13038	0.3684	51543705	51543705	1.9916	2.0000
chr10	65373478	70767636	3.9358	3990	0.5528	0.5135	BND	SGL	BAF_WEIGHTED	5104	0.4107	65373478	65373478	1.9147	2.0211
chr10	70767637	70767637	7.4841	0	0.0000	0.7442	SGL	INF	STRUCTURAL_VARIANT	0	0.0000	70767637	70767637	1.9147	5.5693
chr10	70767638	77152162	3.9291	2215	0.5543	0.5107	INF	BND	BAF_WEIGHTED	6028	0.4338	70767638	70767638	1.9227	2.0064
chr10	77152163	77162435	5.1730	7	0.6140	0.6206	BND	INV	BAF_WEIGHTED	9	0.4364	77152163	77152163	1.9627	3.2103
chr10	77162436	77227677	4.0250	57	0.5532	0.5031	INV	INV	BAF_WEIGHTED	64	0.4208	77162436	77162436	2.0000	2.0250
chr10	77227678	82680486	3.0733	3367	0.6500	0.6646	INV	SGL	BAF_WEIGHTED	4782	0.4332	77227678	77227678	1.0307	2.0427
chr10	82680487	82680495	2.5910	0	0.0000	0.7672	SGL	SGL	STRUCTURAL_VARIANT	0	0.0000	82680487	82680487	0.6033	1.9877
chr10	82680496	133228530	2.9901	29743	0.6498	0.6648	SGL	BND	BAF_WEIGHTED	47002	0.4254	82680496	82680496	1.0023	1.9877
chr10	133228531	133797422	2.9100	131	0.6750	0.6930	BND	TELOMERE	BAF_WEIGHTED	260	0.5150	133228531	133228531	0.8934	2.0165
chr11	1	15035052	2.0176	11971	0.5736	0.5845	TELOMERE	DEL	BAF_WEIGHTED	12279	0.4377	1	1	0.8382	1.1794
chr11	15035053	15035085	1.3547	0	0.0000	0.6319	DEL	DEL	STRUCTURAL_VARIANT	0	0.0000	15035053	15035053	0.4986	0.8561
chr11	15035086	45921895	2.0394	19197	0.5718	0.5802	DEL	SGL	BAF_WEIGHTED	29020	0.3927	15035086	15035086	0.8561	1.1833
chr11	45921896	47355407	3.4143	584	0.6947	0.7118	SGL	BND	BAF_WEIGHTED	1343	0.4508	45921896	45921896	0.9841	2.4302
chr11	47355408	48012540	2.9356	383	0.6571	0.6731	BND	BND	BAF_WEIGHTED	624	0.4631	47355408	47355408	0.9596	1.9759
chr11	48012541	49320480	4.1659	600	0.7405	0.7574	BND	BND	BAF_WEIGHTED	521	0.4011	48012541	48012541	1.0106	3.1554
chr11	49320481	52751710	5.1133	2054	0.7917	0.8087	BND	CENTROMERE	BAF_WEIGHTED	669	0.3849	49320481	49320481	0.9779	4.1354
chr11	52751711	54734269	5.2942	290	0.7929	0.8094	CENTROMERE	SGL	BAF_WEIGHTED	11	0.3941	52751711	52751711	1.0089	4.2853
chr11	54734270	54734287	5.8672	0	0.0000	0.8272	SGL	SGL	STRUCTURAL_VARIANT	0	0.0000	54734270	54734270	1.0139	4.8533
chr11	54734288	56556557	5.2299	1808	0.7896	0.8061	SGL	SGL	BAF_WEIGHTED	1365	0.3592	54734288	54734288	1.0139	4.2160
chr11	56556558	57098096	9.5808	259	0.5430	0.5239	SGL	DUP	BAF_WEIGHTED	457	0.3723	56556558	56556558	4.5618	5.0189
chr11	57098097	57566000	11.9137	163	0.6205	0.6235	DUP	NONE	BAF_WEIGHTED	449	0.4748	57098097	57098097	4.4852	7.4284
chr11	57566001	62513240	9.3500	2547	0.5488	0.5354	NONE	DEL	BAF_WEIGHTED	4379	0.4354	57566001	57566001	4.3438	5.0063
chr11	62513241	65435880	5.1102	844	0.7898	0.8065	DEL	DEL	BAF_WEIGHTED	2442	0.4957	62513241	62513241	0.9888	4.1215
chr11	65435881	65453646	3.8291	4	0.6865	0.7011	DEL	DEL	BAF_WEIGHTED	13	0.4961	65435881	65435881	1.1445	2.6846
chr11	65453647	65654501	4.9048	21	0.7890	0.8058	DEL	DUP	BAF_WEIGHTED	145	0.5408	65453647	65453647	0.9527	3.9521
chr11	65654502	65678035	9.3176	12	0.8777	0.8898	DUP	DUP	BAF_WEIGHTED	21	0.4894	65654502	65654502	1.0271	8.2904
chr11	65678036	71196286	5.0886	2587	0.7954	0.8127	DUP	DEL	BAF_WEIGHTED	4488	0.5048	65678036	65678036	0.9533	4.1353
chr11	71196287	77589000	9.2481	2861	0.5489	0.5391	DEL	BND	BAF_WEIGHTED	5641	0.4530	71196287	71196287	4.2628	4.9853
chr11	77589001	79687069	9.2732	1106	0.5467	0.5391	BND	DEL	BAF_WEIGHTED	1957	0.4292	77589001	77589001	4.2737	4.9995
chr11	79687070	81372170	5.2336	1195	0.7910	0.8076	DEL	DUP	BAF_WEIGHTED	1632	0.3729	79687070	79687070	1.0069	4.2268
chr11	81372171	81389062	5.2085	29	0.7818	0.7980	DUP	DUP	BAF_WEIGHTED	16	0.3406	81372171	81372171	1.0523	4.1562
chr11	81389063	101191596	5.2775	10543	0.7919	0.8084	DUP	DEL	BAF_WEIGHTED	17466	0.3751	81389063	81389063	1.0112	4.2663
chr11	101191597	102447344	9.1877	411	0.5447	0.5450	DEL	DUP	BAF_WEIGHTED	1154	0.3848	101191597	101191597	4.1801	5.0076
chr11	102447345	102451951	13.9036	0	0.0000	0.6853	DUP	BND	BAF_WEIGHTED	3	0.3817	102447345	102447345	4.3750	9.5286
chr11	102451952	102981393	14.6184	556	0.6967	0.7007	BND	INV	BAF_WEIGHTED	503	0.3953	102451952	102451952	4.3750	10.2434
chr11	102981394	102981678	13.5508	0	0.0000	0.6812	INV	INV	STRUCTURAL_VARIANT	0	0.0000	102981394	102981394	4.3202	9.2306
chr11	102981679	103855455	12.4833	764	0.6503	0.6539	INV	DUP	BAF_WEIGHTED	816	0.3670	102981679	102981679	4.3202	8.1631
chr11	103855456	104072023	10.3376	144	0.5850	0.5875	DUP	BND	BAF_WEIGHTED	206	0.3809	103855456	103855456	4.2646	6.0730
chr11	104072024	104781226	10.1650	398	0.5888	0.5914	BND	BND	BAF_WEIGHTED	676	0.3564	104072024	104072024	4.1533	6.0117
chr11	104781227	107032221	10.2300	1065	0.5882	0.5908	BND	DUP	BAF_WEIGHTED	2149	0.3615	104781227	104781227	4.1864	6.0436
chr11	107032222	109619000	6.1735	1119	0.6712	0.6795	DUP	NONE	BAF_WEIGHTED	2420	0.3905	107032222	107032222	1.9786	4.1949
chr11	109619001	110166198	5.3326	82	0.7969	0.8135	NONE	BND	BAF_WEIGHTED	533	0.3840	109619001	109619001	0.9947	4.3379
chr11	110166199	115168000	6.2650	2655	0.6703	0.6784	BND	NONE	BAF_WEIGHTED	4759	0.4203	110166199	110166199	2.0147	4.2503
chr11	115168001	119521000	5.1872	2733	0.7906	0.8074	NONE	NONE	BAF_WEIGHTED	4123	0.4579	115168001	115168001	0.9991	4.1881
chr11	119521001	119658630	7.1723	46	0.5905	0.5943	NONE	BND	BAF_WEIGHTED	129	0.4926	119521001	119521001	2.9100	4.2623
chr11	119658631	120897601	6.2975	870	0.6719	0.6801	BND	SGL	BAF_WEIGHTED	1205	0.4756	119658631	119658631	2.0148	4.2827
chr11	120897602	120897626	8.7302	0	0.0000	0.7721	SGL	BND	STRUCTURAL_VARIANT	0	0.0000	120897602	120897602	1.9893	6.7409
chr11	120897627	129959612	6.2008	6698	0.6709	0.6792	BND	BND	BAF_WEIGHTED	8572	0.4207	120897627	120897627	1.9893	4.2115
chr11	129959613	135086622	6.2634	3771	0.6705	0.6788	BND	TELOMERE	BAF_WEIGHTED	4783	0.4388	129959613	129959613	2.0121	4.2514
chr12	1	20295836	2.9155	11873	0.6542	0.6700	TELOMERE	DEL	BAF_WEIGHTED	18347	0.4127	1	1	0.9620	1.9535
chr12	20295837	20295883	1.5267	0	0.0000	0.6301	DEL	DEL	STRUCTURAL_VARIANT	0	0.0000	20295837	20295837	0.5647	0.9620
chr12	20295884	20351748	2.9969	33	0.6957	0.7152	DEL	BND	BAF_WEIGHTED	52	0.3617	20295884	20295884	0.8535	2.1434
chr12	20351749	35977329	2.9771	10538	0.6484	0.6633	BND	CENTROMERE	BAF_WEIGHTED	13042	0.3864	20351749	20351749	1.0025	1.9746
chr12	35977330	38719827	3.0530	1691	0.6511	0.6660	CENTROMERE	SGL	BAF_WEIGHTED	1001	0.3756	35977330	35977330	1.0197	2.0333
chr12	38719828	38719845	3.5467	0	0.0000	0.7199	SGL	SGL	STRUCTURAL_VARIANT	0	0.0000	38719828	38719828	0.9934	2.5533
chr12	38719846	58405294	2.9731	10594	0.6508	0.6659	SGL	SGL	BAF_WEIGHTED	18109	0.4190	38719846	38719846	0.9934	1.9797
chr12	58405295	58405304	3.7228	0	0.0000	0.7281	SGL	SGL	STRUCTURAL_VARIANT	0	0.0000	58405295	58405295	1.0123	2.7105
chr12	58405305	84762360	3.0194	16252	0.6499	0.6647	SGL	BND	BAF_WEIGHTED	24622	0.3716	58405305	58405305	1.0123	2.0071
chr12	84762361	111470630	2.9699	13827	0.6507	0.6659	BND	DEL	BAF_WEIGHTED	25396	0.3999	84762361	84762361	0.9923	1.9776
chr12	111470631	111604158	2.1832	8	0.5708	0.5805	DEL	DEL	BAF_WEIGHTED	128	0.4189	111470631	111470631	0.9158	1.2673
chr12	111604159	117373795	2.9146	3168	0.6536	0.6693	DEL	BND	BAF_WEIGHTED	5590	0.4492	111604159	111604159	0.9640	1.9506
chr12	117373796	117373889	3.3882	0	0.0000	0.7107	BND	INV	STRUCTURAL_VARIANT	0	0.0000	117373796	117373796	0.9802	2.4080
chr12	117373890	117374053	2.9221	0	0.0000	0.6646	INV	BND	STRUCTURAL_VARIANT	0	0.0000	117373890	117373890	0.9802	1.9419
chr12	117374054	117374263	3.3651	0	0.0000	0.7087	BND	INV	STRUCTURAL_VARIANT	0	0.0000	117374054	117374054	0.9802	2.3849
chr12	117374264	133275309	2.9580	10840	0.6532	0.6686	INV	TELOMERE	BAF_WEIGHTED	14529	0.4587	117374264	117374264	0.9802	1.9778
chr13	1	17025623	2.0111	0	0.0000	1.0025	TELOMERE	CENTROMERE	LONG_ARM	0	0.0000	1	1	0.0000	2.0111
chr13	17025624	19247729	2.0111	425	0.9375	1.0025	CENTROMERE	SGL	BAF_WEIGHTED	262	0.4457	17025624	17025624	0.0000	2.0111
chr13	19247730	19247734	1.2643	0	0.0000	0.9962	SGL	BND	STRUCTURAL_VARIANT	0	0.0000	19247730	19247730	0.0047	1.2595
chr13	19247735	32132256	1.9736	7831	0.9322	0.9976	BND	BND	BAF_WEIGHTED	11744	0.4172	19247735	19247735	0.0047	1.9689
chr13	32132257	56346939	2.0279	12358	0.9313	0.9948	BND	SGL	BAF_WEIGHTED	22632	0.3890	32132257	32132257	0.0106	2.0173
chr13	56346940	56346955	2.6891	0	0.0000	0.9930	SGL	SGL	STRUCTURAL_VARIANT	0	0.0000	56346940	56346940	0.0189	2.6702
chr13	56346956	85080823	2.0419	18391	0.9281	0.9908	SGL	BND	BAF_WEIGHTED	27365	0.3554	56346956	56346956	0.0189	2.0230
chr13	85080824	114364328	2.0408	18293	0.9314	0.9946	BND	TELOMERE	BAF_WEIGHTED	27366	0.3910	85080824	85080824	0.0110	2.0298
chr14	1	17086761	3.0154	0	0.0000	0.6711	TELOMERE	CENTROMERE	LONG_ARM	0	0.0000	1	1	0.9917	2.0237
chr14	17086762	27448974	3.0154	5092	0.6557	0.6711	CENTROMERE	INV	BAF_WEIGHTED	6797	0.4082	17086762	17086762	0.9917	2.0237
chr14	27448975	27689212	3.9670	150	0.7433	0.7616	INV	BND	BAF_WEIGHTED	220	0.3375	27448975	27448975	0.9458	3.0212
chr14	27689213	41691957	2.9986	7281	0.6572	0.6729	BND	SGL	BAF_WEIGHTED	12960	0.3788	27689213	27689213	0.9807	2.0179
chr14	41691958	41691958	4.5100	0	0.0000	0.7825	SGL	INF	STRUCTURAL_VARIANT	0	0.0000	41691958	41691958	0.9807	3.5293
chr14	41691959	42077000	2.9446	647	0.6522	0.6676	INF	NONE	BAF_WEIGHTED	364	0.3359	41691959	41691959	0.9786	1.9659
chr14	42077001	44352714	3.9371	1776	0.7323	0.7499	NONE	BND	BAF_WEIGHTED	2119	0.3435	42077001	42077001	0.9845	2.9526
chr14	44352715	49682001	3.0444	2966	0.6571	0.6725	BND	INV	BAF_WEIGHTED	4667	0.3632	44352715	44352715	0.9971	2.0473
chr14	49682002	50794916	3.8657	581	0.7349	0.7530	INV	BND	BAF_WEIGHTED	1072	0.4071	49682002	49682002	0.9548	2.9110
chr14	50794917	52318990	2.9815	1337	0.6560	0.6717	BND	BND	BAF_WEIGHTED	1406	0.4060	50794917	50794917	0.9788	2.0027
chr14	52318991	59944973	2.9872	4589	0.6553	0.6709	BND	SGL	BAF_WEIGHTED	7208	0.3986	52318991	52318991	0.9832	2.0040
chr14	59944974	59944986	2.3665	0	0.0000	0.5804	SGL	SGL	STRUCTURAL_VARIANT	0	0.0000	59944974	59944974	0.9929	1.3735
chr14	59944987	87305964	3.0058	14176	0.6543	0.6697	SGL	SGL	BAF_WEIGHTED	26041	0.4061	59944987	59944987	0.9929	2.0129
chr14	87305965	87305966	3.8718	0	0.0000	0.7435	SGL	SGL	STRUCTURAL_VARIANT	0	0.0000	87305965	87305965	0.9929	2.8789
chr14	87305967	107043718	2.9461	11736	0.6551	0.6708	SGL	TELOMERE	BAF_WEIGHTED	17275	0.4541	87305967	87305967	0.9699	1.9762
chr15	1	18362626	1.7427	0	0.0000	0.6086	TELOMERE	CENTROMERE	LONG_ARM	0	0.0000	1	1	0.6820	1.0607
chr15	18362627	36868653	1.7427	7736	0.5927	0.6086	CENTROMERE	INV	BAF_WEIGHTED	10750	0.4128	18362627	18362627	0.6820	1.0607
chr15	36868654	36913739	2.8011	30	0.6064	0.6178	INV	INV	BAF_WEIGHTED	44	0.4041	36868654	36868654	1.0705	1.7305
chr15	36913740	36918059	3.5722	0	0.0000	0.7190	INV	BND	BAF_WEIGHTED	4	0.4105	36913740	36913740	1.0037	2.5686
chr15	36918060	56630206	2.7078	10335	0.6166	0.6293	BND	BND	BAF_WEIGHTED	18152	0.4041	36918060	36918060	1.0037	1.7041
chr15	56630207	71239326	2.6734	9001	0.6192	0.6325	BND	BND	BAF_WEIGHTED	14078	0.4297	56630207	56630207	0.9825	1.6909
chr15	71239327	101991189	2.7021	17727	0.6175	0.6304	BND	TELOMERE	BAF_WEIGHTED	27468	0.4303	71239327	71239327	0.9986	1.7035
chr16	1	454144	2.6650	132	0.6268	0.6410	TELOMERE	SGL	BAF_WEIGHTED	312	0.5395	1	1	0.9567	1.7083
chr16	454145	5746000	4.7396	3795	0.5948	0.6008	SGL	NONE	BAF_WEIGHTED	3676	0.5263	454145	454145	1.8923	2.8473
chr16	5746001	5904754	3.9921	80	0.5513	0.5010	NONE	DEL	BAF_WEIGHTED	147	0.4445	5746001	5746001	1.9921	2.0000
chr16	5904755	5905400	2.0946	0	0.0000	0.9086	DEL	DEL	STRUCTURAL_VARIANT	0	0.0000	5904755	5904755	0.1915	1.9031
chr16	5905401	11648861	3.9245	5018	0.5553	0.5151	DEL	INV	BAF_WEIGHTED	5560	0.4387	5905401	5905401	1.9031	2.0214
chr16	11648862	11654192	4.8365	0	0.0000	0.6065	INV	INV	BAF_WEIGHTED	5	0.4906	11648862	11648862	1.9031	2.9334
chr16	11654193	11829000	5.7571	143	0.6610	0.6694	INV	NONE	BAF_WEIGHTED	164	0.4596	11654193	11654193	1.9035	3.8536
chr16	11829001	11879000	4.4271	51	0.5882	0.5942	NONE	NONE	BAF_WEIGHTED	49	0.4354	11829001	11829001	1.7967	2.6304
chr16	11879001	12238114	5.8654	251	0.6622	0.6705	NONE	SGL	BAF_WEIGHTED	300	0.4647	11879001	11879001	1.9329	3.9326
chr16	12238115	18701514	3.8822	3435	0.5579	0.5162	SGL	SGL	BAF_WEIGHTED	4436	0.4404	12238115	12238115	1.8781	2.0041
chr16	18701515	24366078	2.8955	2780	0.6466	0.6617	SGL	BND	BAF_WEIGHTED	4443	0.4416	18701515	18701515	0.9796	1.9159
chr16	24366079	35016000	3.8355	3394	0.5576	0.5232	BND	NONE	BAF_WEIGHTED	6230	0.4583	24366079	24366079	1.8287	2.0068
chr16	35016001	37295919	3.0285	167	0.6478	0.6621	NONE	CENTROMERE	BAF_WEIGHTED	929	0.4009	34959001	35073001	1.0235	2.0051
chr16	37295920	53762997	2.0255	3067	0.9286	0.9918	CENTROMERE	INF	BAF_WEIGHTED	6867	0.4269	37295920	37295920	0.0165	2.0090
chr16	53762998	53762998	4.1213	0	0.0000	0.9966	INF	SGL	STRUCTURAL_VARIANT	0	0.0000	53762998	53762998	0.0141	4.1072
chr16	53762999	60855988	2.0164	4622	0.9293	0.9930	SGL	SGL	BAF_WEIGHTED	6603	0.4289	53762999	53762999	0.0141	2.0023
chr16	60855989	60856003	2.8205	0	0.0000	0.9991	SGL	BND	STRUCTURAL_VARIANT	0	0.0000	60855989	60855989	0.0027	2.8178
chr16	60856004	90338345	1.9823	22078	0.9333	0.9987	BND	TELOMERE	BAF_WEIGHTED	26135	0.4400	60856004	60856004	0.0027	1.9797
chr17	1	24849829	1.9186	14833	0.9332	1.0007	TELOMERE	CENTROMERE	BAF_WEIGHTED	18130	0.4619	1	1	0.0000	1.9186
chr17	24849830	36461830	1.9498	4035	0.9329	0.9995	CENTROMERE	BND	BAF_WEIGHTED	8217	0.4438	24849830	24849830	0.0010	1.9488
chr17	36461831	83257441	2.9335	23168	0.9540	1.0003	BND	TELOMERE	BAF_WEIGHTED	41059	0.4534	36461831	36461831	0.0000	2.9335
chr18	1	3568274	4.8891	2623	0.5957	0.6015	TELOMERE	BND	BAF_WEIGHTED	3282	0.3950	1	1	1.9481	2.9409
chr18	3568275	5157682	3.9547	1159	0.7334	0.7510	BND	MULTIPLE	BAF_WEIGHTED	1510	0.3872	3568275	3568275	0.9848	2.9699
chr18	5157683	13120000	3.9122	5643	0.7311	0.7487	MULTIPLE	NONE	BAF_WEIGHTED	7399	0.4171	5157683	5157683	0.9830	2.9291
chr18	13120001	13581577	4.9964	316	0.5964	0.6021	NONE	DEL	BAF_WEIGHTED	444	0.4602	13120001	13120001	1.9880	3.0084
chr18	13581578	13812144	4.0015	136	0.7419	0.7600	DEL	DEL	BAF_WEIGHTED	208	0.4262	13581578	13581578	0.9604	3.0411
chr18	13812145	18161052	4.9312	1049	0.5902	0.5957	DEL	CENTROMERE	BAF_WEIGHTED	355	0.4138	13812145	13812145	1.9938	2.9373
chr18	18161053	22350513	3.7577	770	0.7247	0.7426	CENTROMERE	DEL	BAF_WEIGHTED	1356	0.4124	18161053	18161053	0.9671	2.7907
chr18	22350514	22811482	2.0292	108	0.5909	0.6043	DEL	INV	BAF_WEIGHTED	421	0.3957	22350514	22350514	0.8030	1.2261
chr18	22811483	22814544	2.8296	0	0.0000	0.6511	INV	INV	BAF_WEIGHTED	1	0.3860	22811483	22811483	0.9872	1.8424
chr18	22814545	26517822	3.9631	1720	0.7333	0.7509	INV	DEL	BAF_WEIGHTED	3578	0.4100	22814545	22814545	0.9872	2.9758
chr18	26517823	26517867	1.3646	0	0.0000	0.7234	DEL	DEL	STRUCTURAL_VARIANT	0	0.0000	26517823	26517823	0.3774	0.9872
chr18	26517868	29692290	4.0229	1467	0.7391	0.7569	DEL	INV	BAF_WEIGHTED	3006	0.3678	26517868	26517868	0.9781	3.0448
chr18	29692291	29923588	3.8936	140	0.7215	0.7385	INV	DEL	BAF_WEIGHTED	224	0.3485	29692291	29692291	1.0181	2.8755
chr18	29923589	32107000	5.8991	1354	0.8169	0.8330	DEL	NONE	BAF_WEIGHTED	2106	0.3707	29923589	29923589	0.9854	4.9137
chr18	32107001	32822667	7.9446	527	0.8617	0.8753	NONE	BND	BAF_WEIGHTED	684	0.3904	32106001	32107001	0.9906	6.9540
chr18	32822668	37914235	7.0320	2073	0.8400	0.8544	BND	BND	BAF_WEIGHTED	4794	0.3960	32822668	32822668	1.0235	6.0085
chr18	37914236	38393778	6.9860	291	0.8454	0.8602	BND	SGL	BAF_WEIGHTED	462	0.3734	37914236	37914236	0.9768	6.0092
chr18	38393779	38393795	7.7736	0	0.0000	0.8669	SGL	SGL	STRUCTURAL_VARIANT	0	0.0000	38393779	38393779	1.0346	6.7390
chr18	38393796	39343904	6.9203	596	0.8360	0.8505	SGL	SGL	BAF_WEIGHTED	934	0.3681	38393796	38393796	1.0346	5.8858
chr18	39343905	44093948	5.9531	2301	0.8155	0.8313	SGL	BND	BAF_WEIGHTED	4566	0.3637	39343905	39343905	1.0044	4.9487
chr18	44093949	46372806	5.0510	1521	0.7799	0.7964	BND	INV	BAF_WEIGHTED	2170	0.4134	44093949	44093949	1.0283	4.0226
chr18	46372807	52331921	5.0248	3724	0.7815	0.7983	INV	INV	BAF_WEIGHTED	5581	0.4313	46372807	46372807	1.0136	4.0112
chr18	52331922	52332724	3.0246	0	0.0000	0.6636	INV	INV	STRUCTURAL_VARIANT	0	0.0000	52331922	52331922	1.0176	2.0070
chr18	52332725	80373285	1.0244	20988	0.8821	0.9933	INV	TELOMERE	BAF_WEIGHTED	26443	0.3920	52332725	52332725	0.0068	1.0176
chr19	1	8798677	1.8089	6371	0.9361	1.0081	TELOMERE	INV	BAF_WEIGHTED	6518	0.5361	1	1	0.0000	1.8089
chr19	8798678	9024846	5.8278	145	0.6567	0.6647	INV	DUP	BAF_WEIGHTED	214	0.4615	8798678	8798678	1.9539	3.8740
chr19	9024847	9098271	6.2435	134	0.6910	0.7001	DUP	DUP	BAF_WEIGHTED	73	0.4795	9024847	9024847	1.8722	4.3714
chr19	9098272	9761220	5.6134	383	0.6613	0.6699	DUP	DUP	BAF_WEIGHTED	600	0.4313	9098272	9098272	1.8531	3.7603
chr19	9761221	9761268	6.9873	0	0.0000	0.7348	DUP	DEL	STRUCTURAL_VARIANT	0	0.0000	9761221	9761221	1.8531	5.1343
chr19	9761269	9773651	5.2839	12	0.6684	0.6778	DEL	DEL	BAF_WEIGHTED	10	0.4575	9761269	9761269	1.7023	3.5816
chr19	9773652	10455934	7.2905	376	0.7402	0.7500	DEL	SGL	BAF_WEIGHTED	602	0.5192	9773652	9773652	1.8223	5.4682
chr19	10455935	11117871	6.3861	230	0.7021	0.7115	SGL	DUP	BAF_WEIGHTED	611	0.5218	10455935	10455935	1.8421	4.5440
chr19	11117872	12641739	7.2510	1133	0.7391	0.7490	DUP	DUP	BAF_WEIGHTED	1339	0.4708	11117872	11117872	1.8203	5.4307
chr19	12641740	12642669	8.1521	0	0.0000	0.7767	DUP	INV	STRUCTURAL_VARIANT	0	0.0000	12641740	12641740	1.8203	6.3317
chr19	12642670	12648339	7.3738	1	0.7260	0.7352	INV	INV	BAF_WEIGHTED	3	0.5540	12642670	12642670	1.9529	5.4209
chr19	12648340	12926958	6.3294	58	0.7143	0.7244	INV	INV	BAF_WEIGHTED	242	0.5366	12648340	12648340	1.7443	4.5852
chr19	12926959	12936394	7.7650	5	0.7701	0.7805	INV	INV	BAF_WEIGHTED	9	0.5203	12926959	12926959	1.7044	6.0605
chr19	12936395	12954713	7.4502	8	0.7246	0.7336	INV	INV	BAF_WEIGHTED	15	0.5399	12936395	12936395	1.9850	5.4651
chr19	12954714	12955818	6.2569	0	0.0000	0.7171	INV	DUP	STRUCTURAL_VARIANT	0	0.0000	12954714	12954714	1.7701	4.4868
chr19	12955819	12955881	8.0319	0	0.0000	0.7796	DUP	INV	STRUCTURAL_VARIANT	0	0.0000	12955819	12955819	1.7701	6.2618
chr19	12955882	13016867	6.3915	22	0.7130	0.7231	INV	BND	BAF_WEIGHTED	47	0.5504	12955882	12955882	1.7701	4.6214
chr19	13016868	13263518	7.5205	105	0.7391	0.7486	BND	DEL	BAF_WEIGHTED	213	0.5387	13016868	13016868	1.8906	5.6299
chr19	13263519	13540443	6.5026	149	0.7028	0.7121	DEL	DUP	BAF_WEIGHTED	271	0.4659	13263519	13263519	1.8720	4.6306
chr19	13540444	13553185	8.1273	11	0.7778	0.7880	DUP	DEL	BAF_WEIGHTED	12	0.4276	13540444	13540444	1.7229	6.4044
chr19	13553186	13870211	9.0372	199	0.7938	0.8035	DEL	INV	BAF_WEIGHTED	298	0.4957	13553186	13553186	1.7757	7.2615
chr19	13870212	13886034	10.8352	1	0.7778	0.7855	INV	DEL	BAF_WEIGHTED	11	0.5727	13870212	13870212	2.3246	8.5107
chr19	13886035	14136670	9.0654	88	0.7988	0.8086	DEL	DEL	BAF_WEIGHTED	208	0.5326	13886035	13886035	1.7351	7.3302
chr19	14136671	14782830	1.8057	350	0.9304	1.0019	DEL	DEL	BAF_WEIGHTED	488	0.5017	14136671	14136671	0.0000	1.8057
chr19	14782831	14845923	9.5781	28	0.8051	0.8145	DEL	DEL	BAF_WEIGHTED	60	0.4244	14782831	14782831	1.7766	7.8015
chr19	14845924	14927611	3.7592	86	0.5532	0.5333	DEL	INV	BAF_WEIGHTED	79	0.4071	14845924	14845924	1.7543	2.0049
chr19	14927612	15794000	7.4298	773	0.7419	0.7516	INV	NONE	BAF_WEIGHTED	776	0.4851	14927612	14927612	1.8453	5.5846
chr19	15794001	15867000	5.5938	101	0.6575	0.6659	NONE	NONE	BAF_WEIGHTED	69	0.4643	15793001	15794001	1.8688	3.7250
chr19	15867001	15985459	7.6863	167	0.7432	0.7526	NONE	DUP	BAF_WEIGHTED	107	0.4422	15867001	15867001	1.9017	5.7845
chr19	15985460	16657151	8.3431	361	0.7670	0.7766	DUP	INV	BAF_WEIGHTED	621	0.5088	15985460	15985460	1.8642	6.4790
chr19	16657152	16783157	4.4197	43	0.5968	0.6034	INV	DEL	BAF_WEIGHTED	121	0.4859	16657152	16657152	1.7529	2.6669
chr19	16783158	16845477	9.9975	15	0.7872	0.7958	DEL	SGL	BAF_WEIGHTED	60	0.4841	16783158	16783158	2.0416	7.9559
chr19	16845478	17013934	9.3799	67	0.7845	0.7936	SGL	DEL	BAF_WEIGHTED	149	0.5174	16845478	16845478	1.9364	7.4436
chr19	17013935	17157272	7.3878	57	0.7326	0.7420	DEL	DUP	BAF_WEIGHTED	136	0.5131	17013935	17013935	1.9058	5.4819
chr19	17157273	17220211	9.0802	0	0.0000	0.7901	DUP	DUP	BAF_WEIGHTED	54	0.5354	17157273	17157273	1.9058	7.1743
chr19	17220212	17234646	7.2671	0	0.0000	0.7377	DUP	INV	BAF_WEIGHTED	12	0.5298	17220212	17220212	1.9058	5.3613
chr19	17234647	17415500	8.7762	10	0.8099	0.8205	INV	NONE	BAF_WEIGHTED	153	0.5441	17234647	17234647	1.5753	7.2009
chr19	17415501	17476614	6.8444	19	0.7529	0.7639	NONE	INV	BAF_WEIGHTED	54	0.5179	17415001	17416001	1.6157	5.2287
chr19	17476615	17476627	6.3988	0	0.0000	0.6997	INV	DUP	STRUCTURAL_VARIANT	0	0.0000	17476615	17476615	1.9218	4.4770
chr19	17476628	17476667	6.8363	0	0.0000	0.7189	DUP	INV	STRUCTURAL_VARIANT	0	0.0000	17476628	17476628	1.9218	4.9145
chr19	17476668	17478023	6.3907	0	0.0000	0.6993	INV	MULTIPLE	NON_DIPLOID	1	0.5020	17476668	17476668	1.9218	4.4689
chr19	17478024	17537265	6.4325	67	0.6923	0.7012	MULTIPLE	INV	BAF_WEIGHTED	52	0.5308	17478024	17478024	1.9218	4.5107
chr19	17537266	17627139	8.2894	46	0.7512	0.7603	INV	INV	BAF_WEIGHTED	74	0.5194	17537266	17537266	1.9873	6.3021
chr19	17627140	17627165	7.3794	0	0.0000	0.7307	INV	DUP	STRUCTURAL_VARIANT	0	0.0000	17627140	17627140	1.9873	5.3921
chr19	17627166	17627204	7.6075	0	0.0000	0.7388	DUP	INV	STRUCTURAL_VARIANT	0	0.0000	17627166	17627166	1.9873	5.6201
chr19	17627205	17629695	6.6975	3	0.7838	0.7965	INV	INV	BAF_WEIGHTED	1	0.5080	17627205	17627205	1.3632	5.3343
chr19	17629696	17630033	7.4898	0	0.0000	0.7613	INV	SGL	STRUCTURAL_VARIANT	0	0.0000	17629696	17629696	1.7876	5.7022
chr19	17630034	17630227	7.3471	0	0.0000	0.7567	SGL	INV	STRUCTURAL_VARIANT	0	0.0000	17630034	17630034	1.7876	5.5595
chr19	17630228	17946433	8.1394	286	0.7704	0.7804	INV	INV	BAF_WEIGHTED	283	0.5230	17630228	17630228	1.7876	6.3519
chr19	17946434	18438606	6.4455	406	0.7023	0.7117	INV	DUP	BAF_WEIGHTED	415	0.5421	17946434	17946434	1.8581	4.5874
chr19	18438607	18604064	4.7597	118	0.5939	0.5998	DUP	INV	BAF_WEIGHTED	145	0.5449	18438607	18438607	1.9049	2.8549
chr19	18604065	18604121	5.2762	0	0.0000	0.6472	INV	DUP	STRUCTURAL_VARIANT	0	0.0000	18604065	18604065	1.8617	3.4145
chr19	18604122	18604144	5.6274	0	0.0000	0.6692	DUP	INV	STRUCTURAL_VARIANT	0	0.0000	18604122	18604122	1.8617	3.7658
chr19	18604145	18611762	6.1439	0	0.0000	0.6970	INV	INV	BAF_WEIGHTED	2	0.6443	18604145	18604145	1.8617	4.2822
chr19	18611763	18611817	5.0963	0	0.0000	0.6347	INV	INV	STRUCTURAL_VARIANT	0	0.0000	18611763	18611763	1.8617	3.2347
chr19	18611818	18611871	5.4935	0	0.0000	0.6611	INV	DUP	STRUCTURAL_VARIANT	0	0.0000	18611818	18611818	1.8617	3.6318
chr19	18611872	18611903	4.5355	0	0.0000	0.5895	DUP	INV	STRUCTURAL_VARIANT	0	0.0000	18611872	18611872	1.8617	2.6738
chr19	18611904	18835571	5.2790	136	0.6395	0.6473	INV	DUP	BAF_WEIGHTED	177	0.5506	18611904	18611904	1.8617	3.4174
chr19	18835572	18854713	6.1005	0	0.0000	0.6948	DUP	DEL	BAF_WEIGHTED	16	0.5362	18835572	18835572	1.8617	4.2389
chr19	18854714	18857927	4.9002	0	0.0000	0.6201	DEL	DUP	BAF_WEIGHTED	2	0.5780	18854714	18854714	1.8617	3.0385
chr19	18857928	18912017	6.5199	8	0.7412	0.7523	DUP	INV	BAF_WEIGHTED	33	0.5789	18857928	18857928	1.6153	4.9046
chr19	18912018	19386883	4.6703	297	0.5959	0.6021	INV	SGL	BAF_WEIGHTED	428	0.5258	18912018	18912018	1.8585	2.8118
chr19	19386884	19656454	3.7419	172	0.5500	0.5368	SGL	INV	BAF_WEIGHTED	227	0.5267	19386884	19386884	1.7334	2.0085
chr19	19656455	19666848	4.5122	6	0.6070	0.6141	INV	DEL	BAF_WEIGHTED	8	0.5352	19656455	19656455	1.7411	2.7711
chr19	19666849	19671282	3.7907	2	0.5459	0.5276	DEL	INV	BAF_WEIGHTED	4	0.5453	19666849	19666849	1.7907	2.0000
chr19	19671283	19696850	4.4776	16	0.6101	0.6174	INV	INV	BAF_WEIGHTED	23	0.4401	19671283	19671283	1.7129	2.7647
chr19	19696851	20076471	3.7627	90	0.5625	0.5315	INV	DUP	BAF_WEIGHTED	334	0.4248	19696851	19696851	1.7627	2.0000
chr19	20076472	20078012	3.8587	0	0.0000	0.5432	DUP	DUP	BAF_WEIGHTED	1	0.4210	20076472	20076472	1.7627	2.0960
chr19	20078013	20080289	4.1241	0	0.0000	0.5726	DUP	INV	BAF_WEIGHTED	1	0.4150	20078013	20078013	1.7627	2.3614
chr19	20080290	20080890	3.6173	0	0.0000	0.5127	INV	INV	STRUCTURAL_VARIANT	0	0.0000	20080290	20080290	1.7627	1.8546
chr19	20080891	20086881	4.6168	2	0.6289	0.6372	INV	DUP	BAF_WEIGHTED	4	0.4345	20080891	20080891	1.6748	2.9420
chr19	20086882	20170016	3.6278	109	0.5641	0.5513	DUP	INV	BAF_WEIGHTED	58	0.3984	20086882	20086882	1.6278	2.0000
chr19	20170017	20171858	4.4887	0	0.0000	0.6374	INV	INV	STRUCTURAL_VARIANT	0	0.0000	20170017	20170017	1.6278	2.8610
chr19	20171859	20176855	5.3497	1	0.6400	0.6478	INV	DEL	BAF_WEIGHTED	3	0.3973	20171859	20171859	1.8841	3.4657
chr19	20176856	21355000	3.6785	152	0.5577	0.5437	DEL	NONE	BAF_WEIGHTED	1039	0.3994	20176856	20176856	1.6785	2.0000
chr19	21355001	22004574	5.5613	2	0.7095	0.7208	NONE	DUP	BAF_WEIGHTED	540	0.4116	21355001	21355001	1.5530	4.0084
chr19	22004575	22006225	3.3975	0	0.0000	0.5068	DUP	INV	STRUCTURAL_VARIANT	0	0.0000	22004575	22004575	1.6755	1.7220
chr19	22006226	22008167	3.4113	0	0.0000	0.5089	INV	DEL	NON_DIPLOID	1	0.4220	22006226	22006226	1.6755	1.7359
chr19	22008168	22602427	3.6755	2	0.5491	0.5441	DEL	INV	BAF_WEIGHTED	431	0.4017	22008168	22008168	1.6755	2.0000
chr19	22602428	22606585	3.0189	0	0.0000	0.6625	INV	INV	STRUCTURAL_VARIANT	0	0.5750	22602428	22602428	1.0189	2.0000
chr19	22606586	22610218	4.1990	0	0.0000	0.5237	INV	INV	BAF_WEIGHTED	3	0.5293	22606586	22606586	2.0000	2.1990
chr19	22610219	22610332	2.6474	0	0.0000	0.7554	INV	DEL	STRUCTURAL_VARIANT	0	0.0000	22610219	22610219	0.6474	2.0000
chr19	22610333	22610590	4.5872	0	0.0000	0.5640	DEL	INV	STRUCTURAL_VARIANT	0	0.0000	22610333	22610333	2.0000	2.5872
chr19	22610591	22613035	3.0356	0	0.0000	0.6588	INV	INV	BAF_WEIGHTED	2	0.4820	22610591	22610591	1.0356	2.0000
chr19	22613036	22615193	4.6749	0	0.0000	0.5722	INV	DUP	STRUCTURAL_VARIANT	0	0.0000	22613036	22613036	2.0000	2.6749
chr19	22615194	22978953	2.7615	0	0.0000	0.7242	DUP	INV	BAF_WEIGHTED	267	0.4060	22615194	22615194	0.7615	2.0000
chr19	22978954	23041354	3.7889	0	0.0000	0.5279	INV	DUP	BAF_WEIGHTED	44	0.4156	22978954	22978954	1.7889	2.0000
chr19	23041355	23041966	5.8396	0	0.0000	0.6575	DUP	DEL	STRUCTURAL_VARIANT	0	0.0000	23041355	23041355	2.0000	3.8396
chr19	23041967	23042134	4.2473	0	0.0000	0.5291	DEL	INV	STRUCTURAL_VARIANT	0	0.0000	23041967	23041967	2.0000	2.2473
chr19	23042135	23044075	5.3931	0	0.0000	0.6292	INV	INV	BAF_WEIGHTED	1	0.4420	23042135	23042135	2.0000	3.3931
chr19	23044076	23842595	4.6335	4	0.5645	0.5684	INV	INV	BAF_WEIGHTED	713	0.4116	23044076	23044076	2.0000	2.6335
chr19	23842596	23854995	5.5619	0	0.0000	0.6404	INV	DEL	BAF_WEIGHTED	9	0.3754	23842596	23842596	2.0000	3.5619
chr19	23854996	23864993	3.7648	0	0.0000	0.5312	DEL	INV	BAF_WEIGHTED	7	0.3980	23854996	23854996	1.7648	2.0000
chr19	23864994	23865709	4.6876	0	0.0000	0.5733	INV	INV	STRUCTURAL_VARIANT	0	0.0000	23864994	23864994	2.0000	2.6876
chr19	23865710	25844926	3.8587	0	0.0000	0.5183	INV	CENTROMERE	BAF_WEIGHTED	393	0.4045	23865710	23865710	1.8587	2.0000
chr19	25844927	27549220	3.8866	1	0.6304	0.6404	CENTROMERE	INV	BAF_WEIGHTED	189	0.3626	25844927	25844927	1.3978	2.4888
chr19	27549221	27580337	5.9873	0	0.0000	0.8361	INV	INV	BAF_WEIGHTED	29	0.3607	27549221	27549221	0.9813	5.0060
chr19	27580338	27746883	7.8999	0	0.0000	0.8758	INV	SGL	BAF_WEIGHTED	139	0.4042	27580338	27580338	0.9813	6.9186
chr19	27746884	27782427	4.1617	0	0.0000	0.7642	SGL	DEL	BAF_WEIGHTED	33	0.4572	27746884	27746884	0.9813	3.1804
chr19	27782428	33678296	2.9201	2149	0.6487	0.6639	DEL	INV	BAF_WEIGHTED	5521	0.4531	27782428	27782428	0.9813	1.9388
chr19	33678297	34232544	1.9036	322	0.9286	0.9959	INV	DEL	BAF_WEIGHTED	532	0.4579	33678297	33678297	0.0077	1.8958
chr19	34232545	35014287	2.8684	368	0.6500	0.6656	DEL	DUP	BAF_WEIGHTED	706	0.4502	34232545	34232545	0.9591	1.9093
chr19	35014288	35054526	3.7559	10	0.5889	0.5960	DUP	DUP	BAF_WEIGHTED	30	0.5548	35014288	35014288	1.5175	2.2384
chr19	35054527	36524000	2.8021	979	0.6545	0.6708	DUP	NONE	BAF_WEIGHTED	1254	0.4981	35054527	35054527	0.9224	1.8797
chr19	36524001	36856145	3.6504	257	0.5556	0.5479	NONE	DUP	BAF_WEIGHTED	311	0.4176	36524001	36524001	1.6504	2.0000
chr19	36856146	36991103	1.8209	24	0.9243	0.9940	DUP	INV	BAF_WEIGHTED	133	0.3955	36856146	36856146	0.0109	1.8100
chr19	36991104	37489009	3.6977	100	0.5518	0.5397	INV	DEL	BAF_WEIGHTED	411	0.4169	36991104	36991104	1.7021	1.9956
chr19	37489010	37510556	5.4129	9	0.6207	0.6274	DEL	INV	BAF_WEIGHTED	19	0.4237	37489010	37489010	2.0170	3.3958
chr19	37510557	37767273	6.4627	155	0.6915	0.7004	INV	INV	BAF_WEIGHTED	238	0.4077	37510557	37510557	1.9365	4.5262
chr19	37767274	37818194	7.2673	32	0.7499	0.7602	INV	INV	BAF_WEIGHTED	45	0.4264	37767274	37767274	1.7429	5.5245
chr19	37818195	38202898	5.5392	160	0.6666	0.6756	INV	INV	BAF_WEIGHTED	363	0.4864	37818195	37818195	1.7967	3.7425
chr19	38202899	38206284	6.8716	0	0.0000	0.7385	INV	INV	BAF_WEIGHTED	3	0.5493	38202899	38202899	1.7967	5.0748
chr19	38206285	38219853	6.7832	4	0.7321	0.7423	INV	DEL	BAF_WEIGHTED	8	0.5689	38206285	38206285	1.7479	5.0353
chr19	38219854	38410911	6.2897	185	0.6880	0.6970	DEL	INV	BAF_WEIGHTED	163	0.5303	38219854	38219854	1.9055	4.3841
chr19	38410912	38540988	3.6815	140	0.5514	0.5432	INV	DUP	BAF_WEIGHTED	122	0.5237	38410912	38410912	1.6815	2.0000
chr19	38540989	38603000	4.4788	17	0.6029	0.6098	DUP	NONE	BAF_WEIGHTED	58	0.5088	38540989	38540989	1.7478	2.7310
chr19	38603001	38861000	5.6434	186	0.6629	0.6715	NONE	NONE	BAF_WEIGHTED	213	0.5203	38603001	38603001	1.8537	3.7897
chr19	38861001	39766667	7.4643	361	0.7500	0.7600	NONE	INV	BAF_WEIGHTED	796	0.4888	38861001	38861001	1.7914	5.6729
chr19	39766668	39907000	5.6749	123	0.6427	0.6502	INV	NONE	BAF_WEIGHTED	103	0.4657	39766668	39766668	1.9850	3.6899
chr19	39907001	40496606	4.6394	139	0.5882	0.5939	NONE	DUP	BAF_WEIGHTED	534	0.4745	39907001	39907001	1.8841	2.7552
chr19	40496607	40629107	3.6279	93	0.5652	0.5513	DUP	DEL	BAF_WEIGHTED	111	0.5318	40496607	40496607	1.6279	2.0000
chr19	40629108	41097830	4.6389	359	0.6032	0.6099	DEL	INV	BAF_WEIGHTED	330	0.4838	40629108	40629108	1.8098	2.8291
chr19	41097831	41384913	5.4509	53	0.6607	0.6695	INV	BND	BAF_WEIGHTED	250	0.4997	41097831	41097831	1.8015	3.6494
chr19	41384914	41775422	5.8930	60	0.6409	0.6480	BND	BND	BAF_WEIGHTED	355	0.4646	41384914	41384914	2.0741	3.8189
chr19	41775423	41793782	4.6137	1	0.7000	0.7130	BND	INV	BAF_WEIGHTED	16	0.4578	41775423	41775423	1.3243	3.2894
chr19	41793783	41867562	2.8151	0	0.0000	0.6550	INV	DEL	BAF_WEIGHTED	65	0.4799	41793783	41793783	0.9713	1.8439
chr19	41867563	43171619	3.8439	398	0.5565	0.5203	DEL	INV	BAF_WEIGHTED	724	0.5096	41867563	41867563	1.8439	2.0000
chr19	43171620	43171620	4.6465	0	0.0000	0.6032	INV	INF	STRUCTURAL_VARIANT	0	0.0000	43171620	43171620	1.8439	2.8027
chr19	43171621	43480356	3.7393	273	0.5577	0.5349	INF	SGL	BAF_WEIGHTED	126	0.4664	43171621	43171621	1.7393	2.0000
chr19	43480357	43964772	4.7491	343	0.6094	0.6163	SGL	INV	BAF_WEIGHTED	456	0.4686	43480357	43480357	1.8223	2.9268
chr19	43964773	44059354	6.6172	2	0.6993	0.7084	INV	DUP	BAF_WEIGHTED	93	0.4025	43964773	43964773	1.9299	4.6873
chr19	44059355	44129798	5.7721	0	0.0000	0.6657	DUP	DUP	BAF_WEIGHTED	67	0.4197	44059355	44059355	1.9299	3.8422
chr19	44129799	44205817	4.7114	1	0.6506	0.6602	DUP	DUP	BAF_WEIGHTED	73	0.3942	44129799	44129799	1.6012	3.1103
chr19	44205818	44319367	2.8820	3	0.6923	0.7122	DUP	DEL	BAF_WEIGHTED	103	0.3967	44205818	44205818	0.8293	2.0527
chr19	44319368	45131078	4.7775	618	0.6000	0.6063	DEL	DEL	BAF_WEIGHTED	678	0.4937	44319368	44319368	1.8811	2.8964
chr19	45131079	45294124	5.5585	101	0.6522	0.6604	DEL	INV	BAF_WEIGHTED	133	0.5355	45131079	45131079	1.8877	3.6707
chr19	45294125	45298400	1.7651	0	0.0000	1.0000	INV	DEL	BAF_WEIGHTED	3	0.5187	45294125	45294125	0.0000	1.7651
chr19	45298401	45323913	2.6570	8	0.6458	0.6622	DEL	INV	BAF_WEIGHTED	22	0.5283	45298401	45298401	0.8976	1.7593
chr19	45323914	46138373	1.8570	479	0.9333	1.0030	INV	INV	BAF_WEIGHTED	718	0.5099	45323914	45323914	0.0000	1.8570
chr19	46138374	47683705	2.7490	898	0.6471	0.6631	INV	INV	BAF_WEIGHTED	1379	0.5006	46138374	46138374	0.9262	1.8228
chr19	47683706	47685777	4.1803	0	0.0000	0.5640	INV	INV	BAF_WEIGHTED	1	0.5000	47683706	47683706	1.8228	2.3575
chr19	47685778	47685795	3.4416	0	0.0000	0.5296	INV	INV	STRUCTURAL_VARIANT	0	0.0000	47685778	47685778	1.6188	1.8228
chr19	47685796	47981490	2.6520	153	0.6486	0.6653	INV	DEL	BAF_WEIGHTED	216	0.4953	47685796	47685796	0.8875	1.7645
chr19	47981491	47981491	4.4683	0	0.0000	0.6051	DEL	INF	STRUCTURAL_VARIANT	0	0.0000	47981491	47981491	1.7645	2.7038
chr19	47981492	47994270	3.6123	10	0.5860	0.5943	INF	INV	BAF_WEIGHTED	12	0.4359	47981492	47981492	1.4655	2.1468
chr19	47994271	48143092	3.6513	167	0.5610	0.5477	INV	INV	BAF_WEIGHTED	144	0.4815	47994271	47994271	1.6513	2.0000
chr19	48143093	48150446	2.8235	1	0.7273	0.7514	INV	DEL	BAF_WEIGHTED	6	0.5042	48143093	48143093	0.7020	2.1215
chr19	48150447	48155523	3.4791	1	0.6415	0.6537	DEL	INV	BAF_WEIGHTED	4	0.4745	48150447	48150447	1.2050	2.2741
chr19	48155524	48183189	2.7524	2	0.5642	0.5682	INV	INV	BAF_WEIGHTED	26	0.4980	48155524	48155524	1.1884	1.5640
chr19	48183190	48294062	3.8043	88	0.5484	0.5257	INV	DUP	BAF_WEIGHTED	100	0.4563	48183190	48183190	1.8043	2.0000
chr19	48294063	49906729	2.7664	816	0.6427	0.6582	DUP	BND	BAF_WEIGHTED	1320	0.5279	48294063	48294063	0.9457	1.8208
chr19	49906730	50534175	1.8495	177	0.9360	1.0061	BND	INV	BAF_WEIGHTED	485	0.5187	49906730	49906730	0.0000	1.8495
chr19	50534176	56553684	2.7460	4987	0.6484	0.6646	INV	INV	BAF_WEIGHTED	4912	0.4741	50534176	50534176	0.9210	1.8250
chr19	56553685	56556581	4.1427	1	0.5227	0.5172	INV	INV	BAF_WEIGHTED	2	0.4025	56553685	56553685	2.0000	2.1427
chr19	56556582	56614398	4.7939	100	0.5849	0.5902	INV	INV	BAF_WEIGHTED	53	0.4243	56556582	56556582	1.9646	2.8293
chr19	56614399	56615673	5.5587	0	0.0000	0.6630	INV	INV	STRUCTURAL_VARIANT	0	0.0000	56614399	56614399	1.8734	3.6853
chr19	56615674	56921831	6.3234	256	0.6946	0.7037	INV	INV	BAF_WEIGHTED	283	0.4416	56615674	56615674	1.8734	4.4501
chr19	56921832	56944729	9.9629	31	0.7920	0.8008	INV	INV	BAF_WEIGHTED	22	0.4281	56921832	56921832	1.9850	7.9779
chr19	56944730	56944730	13.5540	0	0.0000	0.8656	INV	INF	STRUCTURAL_VARIANT	0	0.0000	56944730	56944730	1.8220	11.7320
chr19	56944731	57055082	9.9848	59	0.8083	0.8175	INF	BND	BAF_WEIGHTED	109	0.4598	56944731	56944731	1.8220	8.1628
chr19	57055083	57368478	9.0616	279	0.7887	0.7982	BND	INV	BAF_WEIGHTED	296	0.4450	57055083	57055083	1.8284	7.2331
chr19	57368479	57374076	6.4252	2	0.6209	0.6265	INV	INV	BAF_WEIGHTED	3	0.4777	57368479	57368479	2.4000	4.0252
chr19	57374077	58617616	1.8180	769	0.9310	1.0018	INV	TELOMERE	BAF_WEIGHTED	1052	0.4749	57374077	57374077	0.0000	1.8180
chr20	1	3866492	3.8551	2469	0.7283	0.7460	TELOMERE	BND	BAF_WEIGHTED	3512	0.4585	1	1	0.9793	2.8758
chr20	3866493	10206000	2.9663	4714	0.6529	0.6683	BND	NONE	BAF_WEIGHTED	6053	0.4026	3866493	3866493	0.9839	1.9824
chr20	10206001	15309096	3.9509	3104	0.7321	0.7497	NONE	DEL	BAF_WEIGHTED	4878	0.3875	10206001	10206001	0.9891	2.9618
chr20	15309097	21117588	2.9885	3834	0.6490	0.6638	DEL	DEL	BAF_WEIGHTED	5572	0.4199	15309097	15309097	1.0046	1.9839
chr20	21117589	28237289	3.9724	3050	0.7306	0.7480	DEL	CENTROMERE	BAF_WEIGHTED	4248	0.4376	21117589	21117589	1.0012	2.9712
chr20	28237290	31948557	4.9594	312	0.5900	0.5953	CENTROMERE	BND	BAF_WEIGHTED	814	0.4507	28237290	28237290	2.0070	2.9524
chr20	31948558	40660297	3.8961	3944	0.7332	0.7511	BND	DUP	BAF_WEIGHTED	8276	0.4570	31948558	31948558	0.9699	2.9262
chr20	40660298	40696489	5.0758	8	0.7814	0.7980	DUP	DUP	BAF_WEIGHTED	30	0.5086	40660298	40660298	1.0252	4.0506
chr20	40696490	47360022	3.9329	4597	0.7319	0.7496	DUP	DUP	BAF_WEIGHTED	6380	0.4482	40696490	40696490	0.9850	2.9479
chr20	47360023	47375510	4.4586	10	0.7778	0.7964	DUP	DUP	BAF_WEIGHTED	14	0.4959	47360023	47360023	0.9077	3.5509
chr20	47375511	50285685	3.8468	1941	0.7363	0.7546	DUP	DEL	BAF_WEIGHTED	2703	0.4712	47375511	47375511	0.9441	2.9028
chr20	50285686	50285732	2.5872	0	0.0000	0.6261	DEL	DEL	STRUCTURAL_VARIANT	0	0.0000	50285686	50285686	0.9674	1.6198
chr20	50285733	56665179	3.8535	2992	0.7310	0.7489	DEL	BND	BAF_WEIGHTED	6117	0.4255	50285733	50285733	0.9674	2.8860
chr20	56665180	64444167	3.8826	5058	0.7336	0.7515	BND	TELOMERE	BAF_WEIGHTED	6488	0.4932	56665180	56665180	0.9647	2.9179
chr21	1	11890183	2.9919	0	0.0000	0.6618	TELOMERE	CENTROMERE	LONG_ARM	0	0.0000	1	1	1.0119	1.9800
chr21	11890184	14324044	2.9919	895	0.6471	0.6618	CENTROMERE	BND	BAF_WEIGHTED	256	0.3806	11890184	11890184	1.0119	1.9800
chr21	14324045	37370035	2.9725	15795	0.6439	0.6584	BND	DEL	BAF_WEIGHTED	21878	0.3835	14324045	14324045	1.0153	1.9572
chr21	37370036	37370103	1.6489	0	0.0000	0.6158	DEL	DEL	STRUCTURAL_VARIANT	0	0.0000	37370036	37370036	0.6336	1.0153
chr21	37370104	46709983	2.9281	7310	0.6504	0.6658	DEL	TELOMERE	BAF_WEIGHTED	7807	0.4648	37370104	37370104	0.9785	1.9496
chr22	1	14004552	3.5420	0	0.0000	0.8123	TELOMERE	CENTROMERE	LONG_ARM	0	0.6845	1	1	0.6650	2.8770
chr22	14004553	16268579	3.5420	0	0.0000	0.8123	CENTROMERE	BND	STRUCTURAL_VARIANT	0	0.3560	14004553	14004553	0.6650	2.8770
chr22	16268580	16269491	4.7737	0	0.0000	0.6027	BND	BND	STRUCTURAL_VARIANT	0	0.0000	16268580	16268580	1.8966	2.8770
chr22	16269492	17980490	3.8475	1143	0.7299	0.7478	BND	INV	BAF_WEIGHTED	1051	0.4657	16269492	16269492	0.9704	2.8770
chr22	17980491	17983348	5.0929	9	0.6990	0.7107	INV	INV	BAF_WEIGHTED	2	0.4105	17980491	17980491	1.4734	3.6195
chr22	17983349	17983437	5.7249	0	0.0000	0.8307	INV	DEL	STRUCTURAL_VARIANT	0	0.0000	17983349	17983349	0.9692	4.7557
chr22	17983438	17983491	5.3581	0	0.0000	0.8191	DEL	DEL	STRUCTURAL_VARIANT	0	0.0000	17983438	17983438	0.9692	4.3889
chr22	17983492	21560000	5.8500	1679	0.8181	0.8343	DEL	NONE	BAF_WEIGHTED	1798	0.5051	17983492	17983492	0.9692	4.8809
chr22	21560001	22819875	1.9506	1005	0.5714	0.5823	NONE	BND	BAF_WEIGHTED	1023	0.4619	21557001	21563001	0.8147	1.1359
chr22	22819876	28669255	1.9683	3674	0.5745	0.5856	BND	BND	BAF_WEIGHTED	5040	0.4630	22819876	22819876	0.8156	1.1527
chr22	28669256	28669334	2.6454	0	0.0000	0.5643	BND	BND	STRUCTURAL_VARIANT	0	0.0000	28669256	28669256	1.1527	1.4926
chr22	28669335	28669841	2.0537	0	0.0000	0.5613	BND	INV	STRUCTURAL_VARIANT	0	0.0000	28669335	28669335	0.9010	1.1527
chr22	28669842	28669851	2.7596	0	0.0000	0.5823	INV	INV	STRUCTURAL_VARIANT	0	0.0000	28669842	28669842	1.1527	1.6069
chr22	28669852	28669891	3.2990	0	0.0000	0.6506	INV	BND	STRUCTURAL_VARIANT	0	0.0000	28669852	28669852	1.1527	2.1463
chr22	28669892	28669902	3.7195	0	0.0000	0.6901	BND	BND	STRUCTURAL_VARIANT	0	0.0000	28669892	28669892	1.1527	2.5668
chr22	28669903	28669924	2.9814	0	0.0000	0.6134	BND	BND	STRUCTURAL_VARIANT	0	0.0000	28669903	28669903	1.1527	1.8287
chr22	28669925	28670133	2.3672	0	0.0000	0.5131	BND	BND	STRUCTURAL_VARIANT	0	0.0000	28669925	28669925	1.1527	1.2145
chr22	28670134	28891307	1.7951	134	0.5789	0.5920	BND	SGL	BAF_WEIGHTED	190	0.4535	28670134	28670134	0.7324	1.0628
chr22	28891308	29360476	1.0161	291	0.8875	1.0018	SGL	DEL	BAF_WEIGHTED	434	0.4790	28891308	28891308	0.0000	1.0161
chr22	29360477	29395456	0.0180	34	0.8286	1.0000	DEL	DEL	BAF_WEIGHTED	28	0.4777	29360477	29360477	0.0000	0.0180
chr22	29395457	29407000	0.9998	10	0.9024	1.0000	DEL	NONE	BAF_WEIGHTED	3	0.5017	29395457	29395457	0.0000	0.9998
chr22	29407001	50818468	1.9353	13640	0.5762	0.5879	NONE	TELOMERE	BAF_WEIGHTED	19089	0.4844	29407001	29407001	0.7975	1.1378
chrX	1	8067795	2.8647	5053	0.6523	0.6688	TELOMERE	BND	BAF_WEIGHTED	6738	0.4179	1	1	0.9488	1.9160
chrX	8067796	11713185	2.9554	1206	0.6500	0.6652	BND	BND	BAF_WEIGHTED	3376	0.4109	8067796	8067796	0.9896	1.9659
chrX	11713186	11713253	4.1089	0	0.0000	0.7551	BND	INV	STRUCTURAL_VARIANT	0	0.0000	11713186	11713186	1.0065	3.1024
chrX	11713254	11713266	4.7397	0	0.0000	0.7877	INV	BND	STRUCTURAL_VARIANT	0	0.0000	11713254	11713254	1.0065	3.7333
chrX	11713267	11713309	5.1348	0	0.0000	0.8040	BND	BND	STRUCTURAL_VARIANT	0	0.0000	11713267	11713267	1.0065	4.1284
chrX	11713310	11713316	2.6499	0	0.0000	0.6202	BND	BND	STRUCTURAL_VARIANT	0	0.0000	11713310	11713310	1.0065	1.6434
chrX	11713317	11714394	2.3242	0	0.0000	0.5670	BND	BND	STRUCTURAL_VARIANT	0	0.0000	11713317	11713317	1.0065	1.3177
chrX	11714395	11714577	3.2242	0	0.0000	0.6878	BND	BND	STRUCTURAL_VARIANT	0	0.0000	11714395	11714395	1.0065	2.2177
chrX	11714578	17198131	2.9914	1940	0.6487	0.6636	BND	BND	BAF_WEIGHTED	5127	0.3984	11714578	11714578	1.0065	1.9850
chrX	17198132	41104714	2.9759	7579	0.6526	0.6679	BND	DEL	BAF_WEIGHTED	22387	0.3887	17198132	17198132	0.9883	1.9876
chrX	41104715	41141128	1.9082	3	0.5217	0.5240	DEL	DEL	BAF_WEIGHTED	36	0.3875	41104715	41104715	0.9082	1.0000
chrX	41141129	48859645	2.9228	2486	0.6513	0.6668	DEL	INF	BAF_WEIGHTED	6985	0.4095	41141129	41141129	0.9739	1.9489
chrX	48859646	48859646	3.8818	0	0.0000	0.7491	INF	DEL	STRUCTURAL_VARIANT	0	0.0000	48859646	48859646	0.9739	2.9079
chrX	48859647	60509060	2.9613	1367	0.6524	0.6677	DEL	CENTROMERE	BAF_WEIGHTED	7424	0.4102	48859647	48859647	0.9840	1.9774
chrX	60509061	64586506	3.0584	382	0.6575	0.6728	CENTROMERE	BND	BAF_WEIGHTED	1618	0.3868	60509061	60509061	1.0007	2.0577
chrX	64586507	78941180	2.0335	3682	0.9346	0.9981	BND	INF	BAF_WEIGHTED	12003	0.4017	64586507	64586507	0.0038	2.0297
chrX	78941181	78941181	2.8824	0	0.0000	0.9954	INF	SGL	STRUCTURAL_VARIANT	0	0.0000	78941181	78941181	0.0132	2.8692
chrX	78941182	120100000	2.0301	15448	0.9300	0.9935	SGL	NONE	BAF_WEIGHTED	33927	0.3767	78941182	78941182	0.0132	2.0169
chrX	120100001	120240356	1.0470	13	0.8889	0.9999	NONE	DEL	BAF_WEIGHTED	88	0.4123	120099001	120101001	0.0001	1.0469
chrX	120240357	138276445	2.0229	5132	0.9286	0.9919	DEL	BND	BAF_WEIGHTED	16278	0.3893	120240357	120240357	0.0163	2.0065
chrX	138276446	138276458	2.8367	0	0.0000	0.9942	BND	BND	STRUCTURAL_VARIANT	0	0.0000	138276446	138276446	0.0163	2.8203
chrX	138276459	142668847	2.0212	1673	0.9286	0.9919	BND	INV	BAF_WEIGHTED	3739	0.3847	138276459	138276459	0.0164	2.0048
chrX	142668848	142668850	2.6268	0	0.0000	0.9953	INV	SGL	STRUCTURAL_VARIANT	0	0.0000	142668848	142668848	0.0124	2.6145
chrX	142668851	156040895	2.0225	4157	0.9299	0.9939	SGL	TELOMERE	BAF_WEIGHTED	11119	0.4024	142668851	142668851	0.0124	2.0101
